-- phpMyAdmin SQL Dump
-- version 4.5.1
-- http://www.phpmyadmin.net
--
-- Host: 127.0.0.1
-- Creato il: Mar 19, 2024 alle 17:59
-- Versione del server: 10.1.8-MariaDB
-- Versione PHP: 5.6.14

SET SQL_MODE = "NO_AUTO_VALUE_ON_ZERO";
SET time_zone = "+00:00";


/*!40101 SET @OLD_CHARACTER_SET_CLIENT=@@CHARACTER_SET_CLIENT */;
/*!40101 SET @OLD_CHARACTER_SET_RESULTS=@@CHARACTER_SET_RESULTS */;
/*!40101 SET @OLD_COLLATION_CONNECTION=@@COLLATION_CONNECTION */;
/*!40101 SET NAMES utf8mb4 */;

--
-- Database: `agriturismo`
--

-- --------------------------------------------------------

--
-- Struttura della tabella `admins`
--

CREATE TABLE `admins` (
  `id` int(11) NOT NULL,
  `username` varchar(100) NOT NULL,
  `password` varchar(100) NOT NULL
) ENGINE=InnoDB DEFAULT CHARSET=utf8mb4;

--
-- Dump dei dati per la tabella `admins`
--

INSERT INTO `admins` (`id`, `username`, `password`) VALUES
(1, 'admin', 'admin');

-- --------------------------------------------------------

--
-- Struttura della tabella `ordini`
--

CREATE TABLE `ordini` (
  `id` int(11) NOT NULL,
  `data_ora_ordine` datetime NOT NULL,
  `importo` double NOT NULL,
  `id_utente` int(11) NOT NULL
) ENGINE=InnoDB DEFAULT CHARSET=utf8mb4;

--
-- Dump dei dati per la tabella `ordini`
--

INSERT INTO `ordini` (`id`, `data_ora_ordine`, `importo`, `id_utente`) VALUES
(12, '2024-03-19 11:04:07', 4, 4),
(13, '2024-03-19 11:50:05', 61, 4),
(14, '2024-03-19 15:42:11', 244, 4),
(15, '2024-03-19 15:59:03', 337, 4),
(16, '2024-03-19 17:06:53', 10, 4),
(17, '2024-03-19 17:08:21', 121, 4),
(18, '2024-03-19 17:12:43', 2, 4),
(19, '2024-03-19 17:27:55', 1, 4),
(20, '2024-03-19 17:28:15', 1, 4),
(21, '2024-03-19 17:32:09', 1, 4),
(22, '2024-03-19 17:36:49', 77, 4);

-- --------------------------------------------------------

--
-- Struttura della tabella `ordini_prodotti_quantita`
--

CREATE TABLE `ordini_prodotti_quantita` (
  `id_ordine` int(11) NOT NULL,
  `id_prodotto_quantita` int(11) NOT NULL
) ENGINE=InnoDB DEFAULT CHARSET=latin1;

--
-- Dump dei dati per la tabella `ordini_prodotti_quantita`
--

INSERT INTO `ordini_prodotti_quantita` (`id_ordine`, `id_prodotto_quantita`) VALUES
(12, 1),
(13, 2),
(13, 3),
(13, 4),
(14, 5),
(14, 6),
(15, 7),
(15, 8),
(16, 9),
(17, 10),
(17, 11),
(18, 12),
(19, 13),
(20, 14),
(21, 15),
(22, 16),
(22, 17),
(22, 18);

-- --------------------------------------------------------

--
-- Struttura della tabella `prodotti`
--

CREATE TABLE `prodotti` (
  `id` int(11) NOT NULL,
  `nome` varchar(100) NOT NULL,
  `descrizione` varchar(255) NOT NULL,
  `prezzo` double NOT NULL,
  `immagine` longtext,
  `scorte` int(11) NOT NULL,
  `id_tipologia` int(11) NOT NULL
) ENGINE=InnoDB DEFAULT CHARSET=utf8mb4;

--
-- Dump dei dati per la tabella `prodotti`
--

INSERT INTO `prodotti` (`id`, `nome`, `descrizione`, `prezzo`, `immagine`, `scorte`, `id_tipologia`) VALUES
(1, 'Miele Mille Fiori 500', 'Miele biologico di prima qualità made in Agriturismo Lacerba, proveniente da api italiane', 56, NULL, 100, 1),
(2, 'Orecchiette 500g', 'Orecchiette fatte a mano prodotte con farine biologiche', 4, NULL, 100, 2),
(3, 'smiele', 'lo smiele', 1, NULL, 1, 1),
(4, 'Test', '1', 1, NULL, 1, 4);
INSERT INTO `prodotti` (`id`, `nome`, `descrizione`, `prezzo`, `immagine`, `scorte`, `id_tipologia`) VALUES
(5, 'Test 2', 'no', 3, 'data:image/jpeg;base64,/9j/4QAYRXhpZgAASUkqAAgAAAAAAAAAAAAAAP/sABFEdWNreQABAAQAAABGAAD/4QMZaHR0cDovL25zLmFkb2JlLmNvbS94YXAvMS4wLwA8P3hwYWNrZXQgYmVnaW49Iu+7vyIgaWQ9Ilc1TTBNcENlaGlIenJlU3pOVGN6a2M5ZCI/PiA8eDp4bXBtZXRhIHhtbG5zOng9ImFkb2JlOm5zOm1ldGEvIiB4OnhtcHRrPSJBZG9iZSBYTVAgQ29yZSA1LjMtYzAxMSA2Ni4xNDU2NjEsIDIwMTIvMDIvMDYtMTQ6NTY6MjcgICAgICAgICI+IDxyZGY6UkRGIHhtbG5zOnJkZj0iaHR0cDovL3d3dy53My5vcmcvMTk5OS8wMi8yMi1yZGYtc3ludGF4LW5zIyI+IDxyZGY6RGVzY3JpcHRpb24gcmRmOmFib3V0PSIiIHhtbG5zOnhtcE1NPSJodHRwOi8vbnMuYWRvYmUuY29tL3hhcC8xLjAvbW0vIiB4bWxuczpzdFJlZj0iaHR0cDovL25zLmFkb2JlLmNvbS94YXAvMS4wL3NUeXBlL1Jlc291cmNlUmVmIyIgeG1sbnM6eG1wPSJodHRwOi8vbnMuYWRvYmUuY29tL3hhcC8xLjAvIiB4bXBNTTpEb2N1bWVudElEPSJ4bXAuZGlkOkY3NTQwNkFGMjNCNzExRURCREVEQjdDM0E3MDdENzJGIiB4bXBNTTpJbnN0YW5jZUlEPSJ4bXAuaWlkOkY3NTQwNkFFMjNCNzExRURCREVEQjdDM0E3MDdENzJGIiB4bXA6Q3JlYXRvclRvb2w9IkFkb2JlIFBob3Rvc2hvcCBDUzYgV2luZG93cyI+IDx4bXBNTTpEZXJpdmVkRnJvbSBzdFJlZjppbnN0YW5jZUlEPSIzMkNFMEQ2NTI2RTREMEYzMDkzMzU4MEFERUI2OTk3NyIgc3RSZWY6ZG9jdW1lbnRJRD0iMzJDRTBENjUyNkU0RDBGMzA5MzM1ODBBREVCNjk5NzciLz4gPC9yZGY6RGVzY3JpcHRpb24+IDwvcmRmOlJERj4gPC94OnhtcG1ldGE+IDw/eHBhY2tldCBlbmQ9InIiPz7/7gAOQWRvYmUAZMAAAAAB/9sAhAAEAwMDAwMEAwMEBgQDBAYHBQQEBQcIBgYHBgYICggJCQkJCAoKDAwMDAwKDAwNDQwMEREREREUFBQUFBQUFBQUAQQFBQgHCA8KCg8UDg4OFBQUFBQUFBQUFBQUFBQUFBQUFBQUFBQUFBQUFBQUFBQUFBQUFBQUFBQUFBQUFBQUFBT/wAARCAH0AoADAREAAhEBAxEB/8QAjAAAAgIDAQEAAAAAAAAAAAAAAwQCBQABBgcIAQEAAAAAAAAAAAAAAAAAAAAAEAACAQIFAgQDBgMFBQcDAAsBAgMRBAAhMRIFQRNRYSIGcTIUgZFCIxUHobFSwdHhMyTwYnJDFvGCkqJTNAiy0hfCYyWDo0RUZHSENREBAAAAAAAAAAAAAAAAAAAAAP/aAAwDAQACEQMRAD8A9Y3nMLmp8/4YDYOdGFCNQNKHAS35VpTxIwEtwH26Z4DRzA26+JwGqsWoR6f5YDRK9fgSNNcAQFabTlTrpgMLGvqyHWnh54CVQTQCoofjgM3Cmn2HpgNg7htP21wEyBQ6Af7aYCK13VJqMBMtkfjUHwwG951rRjSoGAjuNCD06YCKkAVA16dcBjbQRsFKfbgNnwen2+eA0AikVy/gPuwG8qZtngMoMgx9Wv8AHAT9GY27QcBr8sGtcx088BlBnpQdBpgNqVFTQE/3YDalTX00rStfjgM9P4gDWor5YDRCFRRRuwGAZilKHKmAzXMD44A8d1dwgJDKyJrQHKp8RgNPJLKN0jGQjRmqSPIVwEKgAhkz/ngMCVJ9PkcsBMIo01OZGA2QtQAMjSmAyq6ZCp0wGsqE6A/DAb9JOmdKZZYDYVRU0oTl5YDKVUAgCmozwGiBShA+J1wG127iAq59TgJbIidABqcszgMCoFZlUEDI5YCBSMrTYv2gHAbMcQrVVJOQ9IP3YDYRK02IQMvlGX8MBipHTOJK+ar/ADpgN9mAg/kxUH/6tT/ZgNdi3/8ARhr0/LQ/2YDBa2hoPp4DXUdtK1/8OAwWtmxp9LAWXSsMf/24DPprIGn0luSTX/JjqP8Ay4CTWtix/wDZ24boRBF/H04DX0XHj57G2117EX/24CP0PGH/APkrWpOZ+ni+75cBo8bxxNDYWlf/APHiNf8AyYDY47iuvF2jHp/p4cvj6MBn6XxBJ3cZZH//AFoKf/RgMPE8OVA/S7EgdTaQE1p/wYCP6ZwQJI4myLHT/SQf/ZgNfpPBkGvE2ZI8LWCn/wBGAw8TwpAH6VZA6Z2sFc/+5gB/ovB7xu4qwoBQf6WDr/3MBocHwLmh4exPl9LCB/BMBs8F7fBz4ewJFa1tYaUP/cwGv0P2+ijbxFifP6aL/wC3AQ/Qfbn4uFsfP/SxU/8ApwEhwXt0En9HsdvUG2ip/BcBo+3/AG/T/wD41kK5k/TRj/8ARwETwHt80B4m0H9P5Cf3YDP+n/b9cuJtGAH4oEOZ+zAaPt328c/0mzbpTspT+WAkvtz24jbv0izJOdOymv3YCJ9ue3G9LcPaEa17K4Df/T3tuoC8VaUAy/KGR8sBEe3PbHXhrPWtTEDngK2e5aFkRvSdVJFKqOuAKLhHUbWBJ+YA518cBISI4yao0pXASLKB03V0GA2ZBXew3CmgwGNIPmIIr/HAQEo3HP1HM1wEu6tCGNWGf2a4De9VQUyrodc8BvdQKUGRwE6q3U6ZjAYknpFdD1/vwG94OXhkMBjMCRuNfLAbqa9Auv8A24CVa+rzwG9x2mpywGtwqFByOZOAxmByGQ+GWAwt8tfv60wGtwNQoqPHwwGwyjMdNMBm7x+IHjgMD1WgOvTAYGyp1GvjlgN7tc8hp44De7WoqDnTXprgNPMqUDfDXr0wEu4CB1zyIzzwEXYA19IUmp/wwEg2YIIJOlcBhPqyrn188BLMEAn1eRwEiwaik65eJp8cBqunU9CR/PAZv6HQHx/ngJs5IpWhprgNVNVz8y2orgMOdQevngMUhTUn4fZgJb65jXqPDAa3kDM0OAzeaGp16DpgNjQLUU8MBm4ZgerywGw4yplTqMBtmOn/AC61z8dcBsMAPVmScBssKMK5AVB88Bvd6agip1wGBjtqSPGmAxnOVK1PRRXAaDMR8hA6VzwEywWtBl0YdcBgkpmSRXUdR8MBosSdKn450wG1I3VNaDMYCQcZknLwOA1uWvp66eGA0Wyr49DlpgCCSuZGZ66DARLAaA/HywGy6OtQDroMBouFNOo1OAluGZIp0wEDIKabW6eWAxmUfManWgGWAjuFcsjXQaYCYYn0uag9dMBrcNxGpNSegwGq501roRpgI7655/DTASLuoNM6n+GA2H+U1yXPPAR3LmAfR5YDe4dB0pgM31IBGY64CW6lfHw+OAiSQa1Of9uAkaU3deg6YDgZLm5u3LswZhoTr92AklzOPSyKMvm/Fl4YBlZgGqz03j5dAD44DUl2QCEcE9SBTAYvIOB6iCKen44CQ5GrANQj45fZgITXu4ViNKEZ+GAAlwyMXFW3ZtgHIuUiRQudB1OtcBI8khalSqnUnzwBZOQCopQjMgV8sA1Hc7kDEiuVa5DLATMopmAa6U0PngM3mjHrl/tXAYG9HpNehp5YCYc5g1poPhgNudKtQaf3YCO8synU+GAkz12lqL01yywEO8jH0uKnplSnlgJll/q2gamvhgIGUAVShHkdRgNCZDU1yGZzOWAiLmPbQOBXqDgNteRrVWOdKVOAgLzQKtSfmplWvXARlvGK9tEIrqK+HwwC73c5Gw0FKeqtTXwwAXkdGC57q11ywGmlnZgxZiwB24Ccc89WJYkUyzywBF5BttVzplTAHHJAEVTJaVbQZ4CcHII8jBmpGc1Y5aYBmO5SR2VSCRoo+HTATMqgBJGzY0oRlnpgJFiAQ7UIoQa9cButadUrrgNqQB6TuIqcBoAgVJqDnrgJg+qldPDPAaalNSak6YDYMYNdW6+eA2GFKZVwGFgc1NMwPPASr6tpy/wwGizEbqVWuv24DA58fswG+5U1OnjgJbxQA0I1pgMElRmMzlgMEhAIpkNTgNh6DdXI4DZeoIpU+HhgNEnQ64DAaHoSMqdcBsN950HlgN9w57tQMj5DARDEtUaEZYCQdSczuY+PjgJbqDw8sBiuQTQ9NP8AHAbDVy/FU4AM0vaUFvUOuAEb1QPQDXpn0wGfVrnT5jSmA19amZLLWvqwA2vQCzA+kaH44CJvmFKtl1rrgNjkGAbcNq/f8D9uA218RTd9lDgMF8GApmpNDXpgM+vyC0AFaHwr8cAaG5WUFdduRwBiw0rUaDAQluI4V3yttAyzNTgIJfW7qSjg7fvHngBDkICa5gE0LDANRyo2YO5DgJ7vxH4fZgPOFuIy1Qa0zyrXAEN1F6SQSRUEnMg+OAi0pK0VjQGq1zOAi82/I5sPDQYDEkU5aFsBISKPStSwNemAkzimWZP3YDO8TTOh0NBWoGAyrbqjPqemmAk0lBUirHQj+3AN2yRGBleXbIBmp/sOAHKTDFWOYSoGoV/prgM78qoylvSegrXAFh5KYEVY7aZDT44A8HKb3COpZK6nwwDyywyKTGzqNQa1HhTAJxSzs3ZaT1N/flgItN2pmjnlKwj5pFzpgNytbkEJMzodCdB55YBNdytXNgn4ScvjgDSXDsCKlEIpSvXAZ3XC7Q1SNKZ/dgJb5GWpbPUg4CDSEVUDT789MBsSs5qzZgVrpU6YDfcl13nPMeVOmAzvGoLEhlzHQUwG1mBoSc60zzpgJmRaBj6qjU+eA2sgAFPTTIjpQ4DZbexANARQAYCApqRuAy3DzwEWamWZyypplgNd5SASlR/T0rgCRzKjh0FCOlMASW5klKZgKuZOAyS5eXpQqamnh8cAaG+Yel9DkpGAegnDoaGjf3YA24U8D54DW4E7fEZ1wEhKTQA/8I+zAaLaUGXlr8cBLcTQg0GA3upmdSaZeGA2X3CmgrQ4DAwINDlgMLFVAOoOvj9uA3uIzB21zz1JwGVXM9eoGhrgJBqfLUkaYDCTXLPpT+/AbBZfSMjrlpgNVK5E0U9fhgMJNaDQ0pgN1Na1yGtP4YDYcg55k9cBGSZIV3SNRCaVHngMeeKMB2cbSNScBtZEcboyGAzqMxgNlzrUCmZ8sBGK5hlfajruJ2jOn88AGS9MM/Zk2kkkblNaAYBSe6lMhKGsSn0qeoOABNcSBSAlDWp8cBFbkiP1qTuzVa54CUFxG8oQwD1fiY5CgwA7uZlmASM0UglAMjXAGSd2yktlC9K6YCd32WhCwErKfnqMvguAE0BVkkDgsvzRgUABHjgCMxAIAC/HTASFq8tvJcdwKgNa9KnwwCiStayFY5y0hzJGY+GAnPfyyuFAEbIPWBlX4/HAJTTl6ruLV+WtcAJJpEbdGAFORI6/HAEF7IF2DrWtfA+GAs7flYLaEJMpDAVY9fswCz89JKDSsa1JWmZwHJxl2IUU3HIAZUwG1qCUc+ommeeeAzuNCDlWpoc8/uwBElQHaxoW1r5YAzsgbKTIgUoM8Bt1jRFq29gamgBNTgIM4oFTNjp54AkBhXcbgUIBK59cBCS5iiA3H1MTSnhgG4bG8uEDW6bgc1pmTXTAKGqArI/5inaynxBwBFo1e3TaRmxzzGAmryyoSYytMqH+eAmIxkWGmY66YAaTKWWSJCK1JDdDgJJev2wqkoi1O0DxwE478QvG0jVTVwdSPswAbi4N2hEZKxk9fDXAStpWiRVZwyCtGGeuAK10CpUxKCPlpXAbW6QofyqsKVrlrgJfVJtAUUNPuwElnFCQCx+8YDXcDCtc6608M8BoSK/zAEDqfPAb3ipBzp08KYDaMrnbQtloDgM7EhzXWvXATAkVhuoE/Ea1FMBA1HrByStPhgIFy5ViSDQ1p44AkbsnpDUBGfhgMMhAoGrXQ9PjgNbmAOW4nXp1wEquobQEjM+AwGjLszNQBSo+GAkJRmVPTNcBtXGVDSn4fPAEWaT8DkVOQwDKXzqgDqGNaA9cAxHeenIMWA0pWvjngCd2UqewpLsK5+GAwXShdz5AdfMYDVtdxzQ9xZNxz3MMh9oOmAYEyn0qQwoDr1wGzIrMBoBmcArLyUUZ2j17Tr0wEpb0RorihDDSuQGowA5b1JlBXQZ1GWf9uA2l+TotWqKVyr44BzvSEjbE2lDoDgAie6iJLwHrSmo88BMXcVNy6noajPAYL1CxqaCla0zwEX5OEn0bmplQDTAC+tmNQiNWtAaHALvyU8cnbb5qVofHACW8F7IElf8AIFfhXAQmedgwUhk8NRTTTARSZrbeUl2LIB+X0/wwBFvpCQd9WORUdcAAzqA3biNdanxwGJvA7jMAempp9uAMrx0zZmJFSRgCCWFXBMbVoWoxwGu6rhSIQqnqcAVRGQpFARQnLxwBO6i9N1enU4CJlI9YFGB+w+WA0ZjkTmdanARe4IIKCq/zwAZLiZic/wAvX7BgALf3Dw9tjSH+mlK4CG+UfnGgAyHj8KYAZuFqwK65lsBAsWJI66fDywEUWh16mo6H/HAbidFqWqGOgOuAi7vkFHpGbAnAaf5aKaVzUeHngK1YQrVLgHXbXAQfM7lqGrppl44ARZm3GhoMiTr8cAWCezNtNHNGWumr25Oi+H34AEUhgoJjuBPTy8cAUXdvI7FVKAnRSTl54AYYOF2uVcZZg0ofPADM0gdoQQR1OtfhgJsqel2NSDUCtDngDxXl3bSie3ZkIyT1fhOuAC01w3r0YmpYgHM4Da31yKH0gajIjXAMR3V24FHy8P78BM3sxIdSGGjEaAYCYvKnYV9JqWpgNC49QUZg50OZHxwERLI2caZgnMjPzwBg05274wVBqaihz8fLAZ3H0CgL5dBgM7kpFAc9T9mAwTSsxUV2AUzyz+OA2okzBNTWq55DAMrcTgbSFY9AR/aMAOORIXkkkXcrkUUHIHxwGNMA+3QH1AZdcBsTKSCdR+IafdgNtMAQyttIpn1pgNm6ofW2VRTwwBFljNSZKk/MMhpgA/UorBVFOozrkcASKeFpCAdpAqa9fhgCbwxpkR4dMBHfCdpJAIzy/uwG1miZgK0pUUJy+OAmYApWRZlkqCCq1/twA2kKSGrB1A06GnTAB+qjqaVzz2nAFEkRoA1WOn88BM3CIpCZdaHUnATt7/tx7nQHOo3aYAsXLybnVUUrqFA0GAK3KSkdwlUpnu6U8MAvJzmVUCsTlUA0A+3ARFyjN3AQN9QQKgYDRvWjO5CCNNoHn1wG2v5WJJy6UrqMBFp4yd3Q1rt/twGxcJQbaM2VKVIwDPcKRtKpGxAKhaanxwCwu99N1Fz8KDAWNtyyIqxsd5JoWGemAeS9gkb0uCx1wE5J4F1ZaPUk6gHAQa+tApoNxWlDt/hXALyX5JQxqFQGrZZkeGANc8vGE/00JD6EudD5U1wFXEZZGYoPzpMtxz11wEDGYpe2RWuQZNMBMDZ6DWgBrnXLAC7aVDGprp8cAwsfqBYULeB0wEhFFE27aW60J9INMBpZK/IPu1wEwkm3fQr46VOAN5ZE/f8AecAOVFkWivt6CpwA4wsQLSybgOuigeeAkJYgu4ODT5RXrgIG8TMsfVoF8/swAWui1QwG2vTPACe6mY7akgaDrgBd+QgjccuuAxnAIDZsBkB4/DACdxV2YGtdK1pgIM+6mYUAU8/jgMdgKDccsssBgdYxTPdWqg+PjgN7qglaBqVpTQDAQOStVhSp8sj8cBo9sUO71DLyJGmATiUCoU7gBQ0/twEnNKnTKumdfAYAZkH4htOemRrgNgq2ZG4fdl45YCEtrC3zUUdB1wAxD2yVhK6ZjARjZ3O10CgatpocAQhu56ACR40ApgBI7SydsrRqVr0FDgCtsUqFZS9SCCcqeOAG7iu1RUL8xGlcBIyI1Ttp5eeACZS7dtT6x99D/DANWtmZmEYbYGIr4fbgJrCsbSKp3FWoToMvLAGjWJRVSDXU0zzwBYmBej7gPKmAaAsiNrPItVzGRwBraz42Y7Flk3eAIOmAS5CK0t5O2jvvbIscALvuYVtxTaDUudT9uA2r1BzyXyrr8MBm9gKmo8Qcq0wGg25wuZLDPoMBMsSB6AQK0rl/HARJqSFp0ArgIOwioX6f0+oYDO8h6ECup61wE2VUG58gdKjp44DSuSVooIzr5AYAcjPvHbAVlFCfH/HAYzXLCP1BQDqdcAWVldAKetcg4Gg0zwC6Ll8+5jlShplgJR3bQFu1QkjbQ54DclwXbSjGmlRTAQ27jQkV1BrpgIqr7SFZQa+mpzOAkRLGAWYgEa1qcBBr1qGNidoH2UwE7e4PcUKKFxqch/24BlxLLHtKqqjommA2ndQL8lDkFOX34AkXdMhV0UiQajIDATCxodpFKUrTSuA0RExIOvXwpgMWKOlFfMnOhqM8AVLYsyxxSgEmgzpT44A/6c0ZO1+4NW1IBHjgFJokU+pxU6+VcBu3VVdTGdxr4HUf2YBlmFuCsvU1I60OAKLq1UCgL1OR0GAibpSS0cWwef8AM4DbXS1qEOQzrqcAIzu6lqek6UzI+3ABW9aNTMrbVHpNMBKCf6kOKepTka0y6YBioFQftNcBpp6AGNK0zqM6/ZgDRvuIYKAT41wEgNS7Voa7fCuAn30QMUWnQnpgNfUEKKZ18PDADN0ciw2k5GnhgB/UqRUk5/Kp8sAKR960Azr4fbgAJEC1TXozUah8sBL8sv6iQVyrpSuAwiMnaH9JOv8ALLALySqCWVhU5bRrU/DARDv+EgBsj5EdMBJFDDc5zNOvUYDcifiU+g/7dMAIRuSFbOpptpTASERZ9jVAU0B0oPjgLAcSok3tKoRhUMKk1+3ALy29vBLJFK5d/wAEiGgr54CC29sXPrqCMlH8cBOM28X5W0ODXrQ6ePTAc0d1aqxQkDeR1OAH3pSWq5251J/hgNzTNVQDm3UaimAisk24lSVZmyNcsAdmmr6n3A5Z+OAW+q2NUttYNp8P7MAcXfeUtIKnoQKYAneDNQMATrU1wGkG1mbf82WXlgIMI3OetaDoctcBMBUBNMvLXXARZzWqndtyzHj54CCs1e4KodDQVBpgCIzQhwlf6gwPXwwGRXBKjM1JqW88BoTS7gN9WrUgaDATNywjqWoda9MBhuXIrUE+eAlBezJKrQsf+IZYB1b71NJIqySnLa3TATN+E/MCLsfoB/DAT+o2qRmsbZ7R4YAP1UdaOoYE0FfDARa4QAiJaMx29aV8MBCW5lFBSpOo6YAoIZD6ASAD6T/tpgASeiSi1oaMg8cBppmWqkClRXywGzNNIPWCQMhn0wG+45G2pDGtANSPPASM7rtbb6vwrWv34DSTuxI3GhOnU/DASV5BQuCGzAFT8cBsR1o27KvqBJrgCRqlWm2hScgfAfDADdY+5XfQgekZ4AKq22oYkA126YDYmUnNfVr9vTAFkfuJTRvwj+/AKKm41ZqAmirStR1wB+yDuCnbGM1J1r5eWAMgoVUGtBlmdfHASoySAfMwzqfPpngCCQpqhyzFDnngCiWR4ydrKwOYpTLARDh127GoM91P7cBJkfaHI2hh6WGenXACFyYZQQKNWitpp1B64Av6rcbWoxp11oRgINdyq1WKHcAaEa4BuHvvICCFJFB6fHwwBrmCQKrOO6CaMRUFftwCpiViMmCD8LdR0wBZGYL6EbccvDM4BdknUKd+4ggmngemeuAs53iNlHHDlMARMNDX4YCqFldbQjOqR1qVOALHx0SgnusTWtVGR+OAcWKNNtVY7tAcq9cAVWWgCKVCn0n44DZ18zX04CJAWiitW1wEDkKZmmRPSmA08yxClRmaHdgBNciRfSDUdaDpgBtKyAdzN3OYGZp0wEJLghu2M9un2jrgANMGAYMQwOvkOmAmZJPUxqAKUNOnngND+oK2lK0wAwsLtuk3BgQQBlpgJokQV3RZGIO4KadcsBJSqqSUoBnnoBgNCVTCWNVNQQQOhwEBcMuYYknMYCQmZx6jRV/EPDARMr+lxKSK0BPgNT5YDX5sy72ct4Drl1wATLJkDXaK0PTACSRyy1PqY0WuX24BH/MIRRVT/PzwC9xDIhLV2RNkwOdadcBpCtAK0I1Y4CbkqgZjVDqOlK4CDTIWGeQNa60GAEXjbQVrmCPH4YAwIcDOgPTwwGiypQfhFSTT+3AbEqlVDVAXqMBuNolagY0JIXXXATYsACfkalKnWmuA3unBVlBIbIA4CXblowYdfmBHXASiLZtIaschTQ+RwGnGjEHSlMAIRSMoYZ7jko1IHXATMLgCQUAHzDywEAAq5GgA/wBtMAaIFQrFSpNaNWuuAzuKrEtRnORbz6YAncoTtappgNK7hHaQZk6+HwwGi7SRqtAT0NeuA2hZIswNc2OYrgB9x3LGpYgGgOXXAYrMpWhO85FdMjgGBIFG5/np6a9MBEFz+YDU61A0+PjgCZ1ByFeg/twGd4gtUEU1I1FcBiyV6VBGeefkcBhlQtR6Z5Bhr9mAmrHftVg667uowBkt97VL0K60BJ+GAkLaR22l2UHKpAoD/dgDLxyhaNcpXxr5YBSWCSFlVJA+3Kq/34ATwzL+Y4qTmaYDVZGp13aZVz61wBkqF7IWuRK5ZYDYQRqVnXcWzUV6fZpgJJEpbeqFAtMq9V88AwVVpdzD1GgqTU1GAIodaDXUfA4CYkbYQfUMjUnr1rgAVdiXUkeCnATilDAoc0GZDdD4jATfbLHuAUDT1dMBEW0CoBQE11B1r4DAaWOJZe589KblIqM8BbRcoqgItucshplTABuuQaZGil9KP0U1/jrgANcsabUqoGROpwAnuW3JntVvDXzFcBhmWisyVC0oa1J+zAT7rFt6r5U6/HywE45aIwlQMwzFW24DT3sWxUQlH/5m2jfdgBC/ofS+47cmGZJ6V8MBFr+OVWruDDOgyNcBCO8irvbcSM1YGvlpgJLeRBu26MxBqSDnQ4Dc9+xJRPQhyI1pgFXkkajMQAda/wA6YAsSKat3Qu3KhJBodcsBnbik2lp9fxD5qeNMAQotfS25B+OmAiJdhqyUod2WvngJmRmVgASh9RGA19QyjeVFafh8PhgCCe2uCrTRbXpUsuWQwApngWoj3AHrWoP2YCUMRuSXRly+YHxHhgH14h6o00gVZCABqDXAdJ9FwduY91oGLU9IrTPqSeuAp+Ti4uefZZWxRYge8x+QsM9fhgKOV0qGWILGCaUzrgB7iqrtOR6HoNaVwGlmVqEAf71RlQdMBNp4mXKIKwyPmfHAUy3qsrMpoWFCSNB5YABm3rmdyiqr5jADJDBg61ypUdKYBX89wNooBlXy6YCfalofy6U616eeAGUrqpp4+ZwBVkNdlBuOWAxmR/T+JaBhpXywG9qBgTXbltUZYCdDHIBtrlu/uwE1eVvVQUGRGRp8PPAOViqo+XaKEVy/jgMaWOtMgwOnU4AizLXaBqMx0pgIho2VlrQZAeIGAgVjR1GlRQfd0wEmgUoCzjaBUkZV8sACsCttCltua55fA4DDKTHRKDx8q4AZVFFGzFc/+3AYHBDAigGeX864DYYMuROlQQeo+OAlHRFG0kqxrXAbYs8ZUKQta+rIYAm90RV2+p6nzI6VwGhKFNaBTlmczgNPKjkuaFPFfHAaWRQopkNCehOAIG3bg2VdCeuAluSgA003YAKucwgO3y0I8cBILGagMQetc8AUqqMjAk0pWnWuAaWdwNwqa5VGA2g3OQzkF/wnAM9obaVoABU+OAg0bKADk1Msv4/HAAZRIlHY7qZU0r4YBUxvExXPyNcq4CAmcEDVgfGlRgJs7g+pqkfKPPATiuq1WtFJqcAzFKMwWrU1+wYBuCUSA71G0UANc6YAssybR2kBWlDXUHADDkUDHP8ApOgGAC7qWYxigY+rb0P24DbVaoBopzZsiaeQwEYVoWcyAmtetQvkMAckr6iTtroPA9cAVHivGESDbQbXzzJ8cA0bS2jglDKS5FN/9OAFHFYsFQysGOQYjLAVvIRMjHadwBoOmXSmAVE0u3cHJUUyFP7MARbh1LbRvOhJz6+eANHIzEhoqhst2bHPAFlgZVOyE9NRQ5eeAWYqiqKBWY0bxy88ANjEqbixJOhGmAxDsZWWoCn0ltD8aYAiuSpdaB8ySevwwGt+59xX5SCdppgIySyuKU2kmgPQYA1ta3dwtFFVTQAivngCxcbcCYKaK4NRu61wEGQpvXvBwDsyJwGoUkuDthjaULmwUE/f5YAksMtulZY2QmpDEEBfLACVlp211PXpn1wEWJUZPViOmlcBm4sqhqkgVanT7RgJwHaAUqrE5CvQeeAYS8nidZQxIU7tpz08MAxdclNeyBu2I5mFCwJ6+WAlb301vavaKQe9UEsKmvXAI95TVSBRNDgF5XY126MCAP54DGYhfSAAOg1PTARV1UGo11AwFT+mzglVoSOgNNNcAOWxuIxR6Kr5gVGYwEChQbKaDJf7zgBDuAkkkADSv8sAWsqxLQ1NM11+FcBD8wV3V2nw1wGkUkMAKk6E6nAa7ZTMD5uh1BwE1Dbl3Zf0scBOWrsK6UyoTWlMBkbOijaPQuYY51PngCTS703hhnQ0PiMAIvTaSTUglj1/jgJgsvy6HKjeBwGo2kRWVjVm+UeGAmXlNFPRcAETEGjH0nIoOlevwwDMaZCq7kNKU1OAa2wpSQCniDgNvEjKZNoK0z8sBNIoqAbRtGh8uuAm0VkaALrrrT7MBAW1vsJ06BcBrs2xC1LsdDn0wE1hiB7mZj0FczrqcBGS0imIbfsBz+3ABfjWoNjbl/CR/HADe2ZBpkfw51wAyk5DAxnaPlGtBpgNbJwgZYyR0/twEgzKVQLVWGdBgIr3lJ3DMmgBqafdgCIzLSug64A8VwxBXcCCcgRll54BkSqwVzQUG0VzFR54AvfkjCu9GrQnaOnwwGd6OZTn6tDXAL1IPprQHXpXAaPdZyBQhuuAEIjtrtFBkK9MAKcSnLaWI0IzGeAiyvNsWu0nVqeHwwDEELhiS9ehPTANbiq9sHpWg6DxwEDK4JFaV+44DXeevrb0aldTWvTAaE1Axy2saE+NMAMzevatDQHM+HlgNq8oY5UY9Rl/LAbZm6lmc0Azy2n+3AEjEkchZXCVoN1emAZEj7Nzzll6EnOnwwG3kfIM5dlpRRl9+AJ9VCwcvGru4Kru6DAAE1vl6QNo00r8cAT6oQjcFUBs6kZ5YCB5NjmDTrkP7sBo8k7Elm9IOdenngBSsJmBc0pXKmgOeAgqoGCkZCuXlgCL29oY18CP78Bp1pt2nMroxwGqMy1BzXWhoMBBJJCSKAg+qvwwBUkmJG1tgqMhkcsBc8BbQcncTR310Y9i1FWoWOAuG9s8RZwSSpyChFG5myOALx4tliDWfIxldwJqO2dvXTXAS5Kwivonjn5CFYwe4uegA0wHLQq6L3jGv0+4pCSM2poaYAo3DN4EANKHLKvTAOWvH2z38Vu8yRCddxlK/ljywFu/s++e4Eadtrcglblflz6ZYCnuuNW2v7ixLDdBtQuBUZZnPAb/AEa4HrRFl31NAafCgwCN1xd5ECZk2HaDUGtMBWlTuopqtaEtqK4A0MKsGVmC6ivj8cAzDx8LyIkzbSaAUJpgG19t92RgLhYSNSc6jAcu7WysyBmLU1r18MAJLee7FUoqj5dzeGAk3G3O1QWUFiNo0AGAi3FXDSGhBX8QJyHwwAWsZyTUiqGhz8cAJgysKjIa01ywEaEszCoC/wAyMBmxl2mpqcxu1wGvzGABaueWVB51wE5Y5QBInzMfTgF5bh0YioGdGoeuA3vUMkZZSj5MdNP8cA0lvJPcpbr87UCmtBTzwDY42VS43BljUhsjlQ5nADl4+WNirkbwK7TUUrmMAOKISHtrIAK+o6UHj54ByPifzCY0eQ0qxANKAVrgMZI4lBbcAGIpTU06YA0EDXKB4U7lGp4EkdKHAau1ms2RbyIxBvlQ+nIeGAWEsckdO3J3c6BQCvxwGlkfSSGTYD4H+GA0z5FVRwlKsxBqT4YAhL/TtIf+6SKZ+WAC94YW27wfSCSMyanTASbkCqGjV20y60wGW3KPK8ce0JurnWlMBYO0ypmwYa0DCowEd0xhLBAp1JJApTAJG92ggsaeJArn4YDULOckbaBmQcyfhgCB5Ca7gy/Ln0JwBYUBIUnKufngNPEQzlBUA5AjAY+5IwdpoCcgMq+OAmkV1IQtojSyFQ3pFdBU4DHMwBEkdGyqtKNl92AGS0lTtO5agDMVOAmI5yKDMgVPQD7cBgt56Cu1FqTVjmB8MBtxWMVoAM/SdcBBLpIkIFCg6kVJAwBrSt46wxLWWXQaAV88BZt7fu1XdQfKdxB1HhgKe8jnsZjbzD8z+G0jAL992UgDM5lvI6YDYdmWgB3fhHTzwEQ3bfJatStTngGI5W3CpILCoqNCMAF+/IxcqQKZEdRgCKkhp6TroeuX8MBLuMDtFQKUr5YCBZkLHxPQ5/fgDRzoASI6eNcx9+ANFPCrD07lr6epwG5JElLCh2ih+7pgMUItSEpnWlM6eOA2ZEoHMVDoPE4CPYEzAg0QZ66nASS1RPU9Wrq3TATVYFQqfU3TPMUwG0gDTqWb8v8ApGdcBqSFQWKEioyVdADgIxwhAu1iVWnpHh41wE0jO8MWCjoT0r8cBIxSGQbM4zqdD/jgGZo4ZEhht1YNT81iSfuGAyAw2/pVdzHoev3YBgXaq422wL6AGtMxTrgBTSzMytJCYwtAKAgYAEkMrIS6OQ5qw/t8sBGSWXaqMDkNqCuAubXlLqGLtylttMiZGGf34Bd3+plIEdXkzJ3nM/ac8ARor+NFq/bT8IV88ANlupQXefftyNTXLwwAFi9Im2qVHU0pXxpgJy25c7tqdymgNaE4BSaMRIJZWCvmdoNaYBX66QELVgVNQxJoRgOZWVGcqSBX8fj/ANmAILp1NEJcAbRQZVwG3vZ3QQBmJU7610J6D7sAZbmX0u0hAoa+WA13iwaTuhTTQg1wAzImqtuoMzXAO2NvHcqVoC51qaZjAEls3imWY7SgO31GtPGo6Z4CLxpOxMZVVOTqPwk4DFRu0qowkYArpmPswFXJxzmSpGRPq/vGAi9mocE5lcx8R8MBZ8Tdw2jOL2BbhHAGpBFPDAXZveGR9xjGxlJWjGvwwFX3lmWVYVJkANQTuOuWflgK21ShlkkUqQSAamhJ8a4C54zkHgRhNdSLA3oonzBadPIYCSSxPeNEs5e2OYcrtYnwwDF7cSKBfuwbtEFQlFIpocBVXfKtyc0f1CbiqkRNXxzzwALK6gW5dy2wMnpOihhkcsBZ2k817K1rbtJI8Y9VBWo8cBOSaaBDGBIrA0DbRSvhgIRcRyd6DGGXcoqyqQaGvlgMh4UW0v1HIqjWq17grQ+nIkfbgLFLfgOSCw8cDHcMaBZBSuAlP7Xnt0cs0IVRqNRTrgKm5jWK2c0IdMhXqOmAHx/E8jyCB3pFEARVjnkNAMAaf25cuu6Bg5X0sCQDUZ4Ctt5OOtRKt/E8kyVVGjkoK6Z4BaK4VWcRswVvlQ50ocBcW/G3vIwrLDGsUAGUniQczQHAPx8df2sRaVwVyYFT08M8A7x0NuCr381Q5NCoPoXpUYB/k+VtjH2OHjWG4X0yTR+hWFNcBUX7XN/bQIzKsqErvGTUOVT44C2soIuC7cd9bw38MlG7yElwfgdMADl7rj71Vit7M2p37iwyqpGmArIorFWDTGWPZmz0DA/Z4YB644a6WBL20C3JuQ2xCtAFA/n4YCu4KCGWf6TkbREpXdLMxUlq1APTAXVxCUuBLbvbwmKrBYRlQDrgJ23uF57BpJUim/M7RKrRyD1p1pgOc5aK6uChylUCoatDSuh+GASW0uoCpZdu/wBES50bAaVZ9zLItXGW3wOA2ymJC0pCynNB4gYDIpkdQxUUGVTnl/fgLCE30m2kS9lc0amZB8cBKe1nLdxgdzVIQCmeAWs4rq8la1t7ctPFUsgzbPx8sASXi76MBJE7ZkNPUKZjoMAWHir2oRkNMxuUdTgMj4q7acCQhK19ZGQB8cA5ce3ltsluQ81K0RS1etcsAo3GXO0ncfEAKSQBgIrayhhtO5GHQeOAI9tJFEIiuwZneR44AMkEkUYaWUMFpWgJJrgDPx0hRSCCrD0MNftwGG0njRNhAWhrkR9uAA4aJGLuKLmR9mALZwtyji1hYLI1D4BvDPAXV17a5GJQ0uyIDxdRUfDAUbCUXPYLUodrOfl8Ca+WAtRxcW5Xj5BQdNM66eOAByfFzcZFHeLOHZ32qKGtfHAAS2vpKPK+pow+zLAQnkvYEq5/Kr8xrTLTAAF5PIwpuMkgJyqQfuwAnmnb0591vSFIz+AwB4hdUBkTuEZBjkvwwB1humkUFQjHNSDWg/xwE2adULvL6VJUKToDrgIQ96UMIyxjPzeFcAQQ1EancZBX0ka088AjKVVjR/UATUHIDrQ9cANJ1zStBrTX+OAySSPYaep21OtPLAccJAlN5yFCAMwCcA6hZFCo2o9Q6eVMAMd5GDggVz3DAGDl/nJoBSnkTgCKyl2ZTSnhrTAaj7fqVkrXqMBuGVopgVU7RlUHofPANs8MjGhcMczU1+/AZb3XZDKCAC1ala1pgMEhDVQgbjoKg/fgDTyb9qoNMietfjgFDuDZ5Bj16EYCRXaTTStanQ4BaXeAFRatWgz8cBd+2ZIbW9uJr0gRrGQu6hJY65YBK8uEcsy12sx2ggU1y/hgF1uCCCuYofjXAFSWgDqcwCdoy1wE2nkubZoFdQag0fwGdMAo8MrquQVFNCRSmuAFJHHEZHB/LUEKCetOmAYsr9YUj+kLK/yy7a1PiK4DH5C7Xc53fThtWzJ8sBacNy8090LNI2jeQBN5JGR06Zk4Cwgt0vTNFdXSxPAJCiyP6WbUrXAIJdxQlM6uygoUJG37cA/xcnL8rc3EVmxkiiVWKyN1J1qcBLloOStZoY763XfJRVYHeB5ZYBP9SvrKZo5YmYBaoT4/bgK+35G7S9lvWNBIpDIa7d3+GAb4iS1leSDkIla3mberBaEeJHhgOmsOJ9uXlvLJbyC4kgI2xsoDa5HKhwFy3EJb2Mt60ogi2bltzSoIzyI8cBxt7yUHcD9ypFHB6GnSmAs35cT2u7apMkZVW7YVT5V6YBW3ugkCKYlMoNCAag+eAsVlhZQ8hWE09VaEnrqMsBX3tzczVa09VvuALV1p4YDQvI45lEkhdSApO3cR41B8MAxzI4mNLd4Lp5GkKiRQKfl9emA3P7juJ4f0609dpAoq7VqQprQD+eAP+oQzQmJ7UI0yhYpOhJzqTgKSZLqJnMZEWwFSVNdwfUeeAHBcycRH2VokhNVVhUgkUpnlgOm4m6/VZ45PoqrHHsmmC1TcPhgOf5Sy5e5u0SO0nW2hkYxbQerdKYAiw31s6R9kxyyGgDLTPzqMBnJcLy3JyLJLbiGVBtXappQHU064Ba34O5QtBKozpVq0zHWmuA6Mxm1t0tbe07MlMmFTuFK9fHALsl9dSxM7w27p/kxNUGh61wEOOjk4i9kuVdJJZ6707m0UrmMsAzyG673C3s5TvUdl924K4NWIwAJ+SlMTWxdreeMgUORFFp/HAa41IpxJLe3iwxxDOhru3dKHAFX9P3w9u6kQyflpVdqEeINcAhy8sllzsFtHdFoG2B2FaUk1qMBfjhba2nXbdBJtuSqp08aVwFf7jsWsrRZw7XZemwZjYozwFTwt1+pxXLOihoyoiQandgL5OLlUAzQMH2+k7wBn8MARvb1+XhQMrgpvCgk7V1OeAXT21LLIQxTtudxBJJppgGrD2i5UstxFDIh2hY/UQAa64CF3xNJ54bu+7kluaMGNSARurQ4CnWa1ngfsLLMYjTYEyr41wDv19rJxys9vEtyirVgKOPH7cA/NbJyttC5lVI1IdQw0LDAIC1Wa5NnaTC5mWvcPybdvQVwEbi0MUMv1CtHc0rFFJ8vh54Cij5STjWhWIRu8Tb2qK560+GAsb3k4eavbe6jgjtnRAZTGpFXr/PAMR8qtrIzXKI9uz1SPbWo8a+OAA/M8axkohiV2qq6mlaZ4BuFbPbLHKyMVJkAJq1DoCMAHjHW4tHcXCQvvKlQDoD1ywBOSvorCw7kZUzn0rWtB8fjgOeCGeOOaBg3dQ7gWrtJOeXTAFitGChiK10qwwE4rCW4iYWkTyyrmVA88Bw6xL3KaoANT1OAsI43cj11IHXp4YCdGNFNDQ1YAfxwG0jkJoFOw1p8MBJoJRkIycqg6CmA0sMoO9UNOvkcBoRStU09Vc8s8BpUlLAlTtHzZHATG4kgKa6gaUwEgZgc2zHzhstMATuSNuOtD16YCPdZwB8wOvTAaZzuBIrSgA0FBgIvIXYMBT/eyywA3glkjkowCtnuJ9X2YAkarbpQt3WOXqFCMulcBEyChDIta50oMBFXC5bqHVTTIDrgFu4Rdd2tPImowDS3kZXtuvgQVAIocAesMoli7gJCkhCorp49MAhZRPBUEjtVNaeeAOryFxGtdorRdR464A1zyMlwsYeoMVNjD0uK+YwE7d7UQkzRPPKTVm3Hx8PHzwE5TbyBnkikKIAYgCAKD8JywG7OeS3Z2snliZjVqtkR5/DARnvb4sHkkeTb8oYk5nAFflfqk3SxDuhdu4V+Wn88ABJFGwlS6k1kQk0wBWnbbRQQFrSmA3xnJfQ3QlZaptNQOu7x8aYCz5bm5r2ziRKCMNQxx1rtPxwFI8TxLFIqVDE0BJP2UwF9Zs8lmbOUqiMd5Ga/DpgFrqGVTsjlDHWqVpT44ASG6hpmzK3pIOef2+WAIk90tvtUUjOgOoodRgG+P5qG3FLiASP0enqH34AF3y+2aWCFN8EqjZuo22nUHpgHeM5a1txHO4YyFWWSMgUGVA2XicBUy3M6Sboi5RG7kaVOpPTywEV5K6upnkaN4EbOlajLrgDxbuSl2TnuSkhYEU0AAyqa4DqOE56P27G9osJeOaQgENX8yn8jTANP7tYTRSy2sibNwKLWh3DAJ3vPWN9fWs774o0BEqlflPTPAWC+67Br0uWIhSPtp4E1BqfDLAcddcpf3HJ8hPa3Igs3fKNqGoOR2nwwF0OYNzLavbrSaNAspeT00pT0jAQk5S7km/wBK0W9AEkaRgylfIU6YBi3hHYDuIpbg13shAqa5YCUp5lO21rLFGsZDMKg1HhTAbv54ry478lsxmahd0IFQopT/ABwCwW1lNZLZ2Gx/8wilelKYCgkXlaJ34mZYCezHX5R0P24CEjTz3sNxdxyBVZS5boK6ZeGAveTmCS9y0lkkjSlJnyY1z/hgHbf3ILqK3gmlMEcJO9mRWDg9aYCNu/ClZ1gRfqJ5Py2UGNTXKpGAd4q/5W2KR27xq8rOo79GqI9ddPLAIctz3Lxyi539moaKkfykg5mmAc4D3WsEIinWOS9dqCaXQA5DTAPXt7ewrNM8kCXKgyB4l2sQM6U0wHPcjyxuraJkG+Qyhp7rIAowyUjU0wHV294/00Z4m1i+noBvb0kt8MBQ+4Y5r2MNIkFq8B/OZMy2WQoMBTcZcXD292pmpEioxVsq0P4fjgDQ8nOs6Tkr2gTUOPEdTkTgOnsrVvdnIyBpTBapbqrRrmCyePxwA5vafHxrJL/mGNgEZaU29Wr4DAVfM8antWa0urWkwuI2IQ6KSPPXXAB9v8FNzttM0lz2FgO4GT1B2HqpTAavOFs45AgukkZTuZghC1PTAWXIchwsXHSSQWFuL2SEQzzoDvcotFO4eHTAU3t/mLXj7aa3uYYhI7ApLKKkZeAwDt7YDk4I55LqA2/zqwooXQEH+7AI8a0HGcnLHIFlgiUhViWu8n41pgH5JbH6hpFt2W0b8D/MG1qcBacJz1rxV5JcRQA27AIXrkB1IywHkHbjyBqinqBnXAGijCksjbmBoB1+OAeiRsmUZ1pUilR5YBgQXRBKqor8gGeWAGxuo19aqVzFFzocAJpLypXt7itDl0GAib2Xe2WfgfPrgNm6k8SKDXI/wwEfrJNoDGpPhlU4CIvHzYtXb+LWowAJeXmFFWMOvUHz64Br6pGhWQqoZs6UoBgBSXZkVTRSK1HiKZYAkbK4Dlar/T00wAbsFCAq0Sm4MD0OA0hdoywrtrmSOvhgJvE7AHapFK+BwAlX00ptfdTa3UUwGu0tMwCRmemfl4YATxH6hZISAw6AVH2+OAm8zpK0rEb3AU+nLLABXuM2ygVWBoBmMAWGVI13SOUYfhGlRlgJiUbqoRmK+OpzGAnbXSG4K7iqsCAQKiuAubaMXFszLMAo0FMzgBRRli8YloAtCAK/dgFZ0JQHuZs1BQZ0wAZITGu7f+WxASopXxwDlpG7KXMoVTpXUjAWS2qlwqTVFK6VOAhPbSxxl4irEekHb1wFVSVlQfUBSGII8DgLWGGWYR7rpRIBujBXI08MAxFb3sqlmuFqMjUZ4CS288m4fUKNmRagz+7AQniuUI7c4IIroCKeNcANUuXmEYf5swxGhGA12ZaylWDNEBVafiwFOb6X6nuzLV4ht0prgLfjpJ5gZBGJEz2kjqNAaYBl2ugUnNs/cVs9tAtPh8cARJLu5MK3CCNKnvhFCVU9NM8BaW3FwRzm54+W3FuyNGyTtSRd2ROfhgAyfRwmOK+HelXbW5t9u30nIEfzwHWx3PtqS3iffH3QASCxBrpWmAEtvwUlwQkiFQKqTIApB8zgOcuLPjFmuPzQ6uxjRVK6n4/zwHE3PIJYXXZiADVO8GhBzpllgFTe3IVWQICGLbgM6HxpgGuN5FLiSXcAd22ldVIyNP7MBZiZmRivoYU2kdRgCiVwN+hOQU+eAKpZVI/EeimoPjgNbpcipO7oda4DJGmodtd1MyanADCSsjRuXFaGuefwwEZZJY42jILRAVOZr8c8Aktyz0BqVU0p4DAGN4aBbZhuHU6n4YBd7qQFw7Md2RbOoNMBv66YxKjPuiXKjeHXPARF4Yn3IACGDAAaU0OAy95a4vGUzyMzgekAUoBrXAQF84UyptFaCh8vHAOwc9dqiqMx0oaCowEJuXMjlpGoTQMgOvxOAh9ZEWL7AN+ZNSDlgBC6mdyrf5fzU/20wDyc3PAm2C5eGXVyhIJB6YCUXMXcETrDPIqtRiGctWvx6HATvfctxyvbhvZO40C7I6ZBVwErH3JPxxaO3IMbEnttmK0wCcvLzyFneQmRiTXoCcAjLeuirRyVJzAOda9MAFTcXBZ1XcDpIa4AsUzW7BFcmmi0/Eda4C047k2t/wA5EqwBALZEg/2YAE/LztcSMaAmrDOoOA1FyEjwsXem7NlBpU4CrNhey0kNu8afgZq0amA1bwMkpqdswOSnzy0wDZ70TCKf0kCqbsq+OAIHvwFjSQIlKA5kgeWA0ZroRBZQve3ClSQT50wC0t1J3HCkVQUc9Kda4CtF0HldAwIAKqfj8cBY8bCt3dRwOoHcyBB8MBV8pcXVleTWggQlZCAakAgYDQnkmkUdpYkZRnU1P2YArLtCqT6aUB88BB+4ETOhFQB4jxwEUYKpZjTb8wrqaYAsc/dTtI2fzOQfLT4YBpZ1cFZTQlQAvkOuAlDOqRM7ehVrUEf2YCm5b3AYUFtbp+ZQbXOdK+GA5XlfdcihFSST6pASTQUY+WAZ4X3RcztGbpCgkVV2yChfOlQMB0Tc5bwkEPsWu1h/vHTPAOfqMcjgl0ZG0UEV0wETIhY09LLTZnQAYCSSqwah3SUrToTgAmeoMaAB2zBNK+eA0abm2tU665CmALDctEoVGJqKsg6HAMJyKQRszVqgBJ6/dgB/qsLyLJU0CllpmCRllgBHku8YJG3hEJ9J0JwDM19ueN4G/LpQqRlXAWFtywViCfWoG4jXASk5lGj7NMqZk4CtkvIlGyhJ3Bq118MBqTlXVwNCnyLpT4YCcXNTSTjdKQ+lAaU/vwFh9XOyl4nJBpuroRgBzc00e23Z6N0Hh9uALZ8+hcmQ7tlADoajw8sAQ8wjRzFHKTSuWZqAZUpQHAVVzIjzLIjVpka+Phl1wF1xfL29nCY5KllJ21z88Bcfr1gVFX9RoNKE4An6zYgVeUAdBQ6+GAj+vcagPqFTmpPj5YBeX3DZEHtRBjWlTQ6YBS459Zl2QQIJAM94B+/ywCS8mUYo8SsaZU0FfDACSSwcuL2R0Q+pHTNg392ArJxazOCshqCM3B0B6YBvt2wslrJmxPrINW8hgF7eextpgQxMmW6gywFtDeWryb0eiN0IGAlPd25oAWoNQMhlgMS6iMLMSfPOmWAXa87cw2MadM6VyroMBNOTqPnPj6up8MAUctLQVlNRmQNKeGADNePLuq+4sNzfAYAdpcTCM7SCsm4NUVOAWSddxBpqfLMaYDUlyQ3zGtQSo89aYAzsZVLZekHyGAgZCwWjCgHqJ1wAXlCGiv6m1HTzOABMzM5fuemmQHjgCQyMFWqtUjMdPjgJ7mnkFCEUZE6knAEqKFWIocs+lMABLp4WbqtDSuf34CUc4dGcn1gDb9uWeAMkrFayeqNdCmWfSvXACLSVBAq4J9FNPgcBAOQCz+n1ZkHOvQDASmmaSHsKQSvqr41NcBkTMxBlArltpmdMAyt2EWiM1BkI6dNTgAzzZb2pXQAHMjXPAQN0ApLOaEVoNaDARinhcAVJPU1wDIoFCr1zFcsz5YBN+bjdURpbkvGNGeqD4DACHPW7kuGlDg1UkAmo/jgMuOYMgQuS1M1aSlQeoGAEvuCZZBGuaj5N3SnXAYOfmkvEu2G+4jOUp/DTwwHofEwQcp7ZXm0ij+tMjLMpQbGKnI4CvvLrhuP2y8tb2scj5hEUmQ06lRoDgJcDf+2OQ5WD6NVjvkJ2xliCw8lORwCvLcTb3l/yU0hZVtC0gIAIqfEYCmS2EtzCjHtqYwQwBPTAZJwNys4+mullR/WhJpl5+FMBFuNvmWixq7qDuKmor00wFNccbysRfuW0gQE76eo/bgNWi3Fs6M0T0YEgbT8vhgGYrhxK7lSC0RC16EZjAJX18k1tLA0pjaIbu7nmdaVwHHSXd5+owxtFvt6ju9WApqPLALX0drDdte3DKyrREGqBTntXxOAUj5cve92ON5XUMI3YbRl8dMAJeXgRZJr3u3C767V/A1eh8sBPguTkh5X6kxmSy0ClqHcc9fEYD05p1eJStauA4qMBMTkoGU7WBywC11NsETmiGuRByPiMBszqxYlfUG+YZUH9tcBGC5/NLMQrVAC66eeAJNNvmYDJzU1HgRngFztjkWMim5CtKUpU+GALEhjikQOXKnYD0A8sBuKSisF9WYrQ5GmuAg85iCvISAprTrnngDQ3FV7jZHUAipodMBgnWc7CdD6vjXpgBNJuudin1abhrWvXATXvLKCKbmYUbxzwF53fFgF+UU0r1rgKu/YOjMGzQkDKlRTAJRyyMFKNtcgHadcsA1axzS1WaXb6g2f9+AZu27VTCTIDQUGRocAk9xcoUDqVB0b+/AN213PGw7pqpHpJzoTpTAMTXMi03VHT4YANwN0QqfU525efhgJRFkpCHqwFCDmSR54BmNGDKxb8x8iT1X7MBrszW5mZHqDl4n/DAQRJd7I4UOTkxORrgIS2TqxdXzAB/wAMActJ2ViK0Cgevrn5YBZ7fdOnprUUy0JwEuxOjDY2YFCvUA5YAxhklVgFKqAADXMnTPAYivHGEJLbsju8sBtoJo1MzerMFQPA5YCJqo09Ffl1K4CMZLep9M8j0GA2kboFWM5E5hs93hrgAd+WNu21Ub5lC5Z+eAk8r91a0LNrtFBQ4Apd9hKDeFIAHn54DI5pHZ19IRQNNanr51wGTTspVQPy613ZHP4YDO2JdswoWrmxNK06gYDUu3MU2ySUHkOmmA1QwKAX9RORpUCuANEvejlKtuWlXKj1E4CEcLGWjOCtB6T4U1wGprffI5jIYV21GuWeA3DGYU3JmoyI186nAaR0aRpEoUVSWB0HXAarJIN9aqua7fE+GAgTRV3HVjUHP7cBOeR+xVAVIIVQBTLAaVmGwUPqPqAFMjgMadEiPZQmQNRnGg+/AAeUhzU5gEtQ1r8aYDfrYVFVqoy88A1DsWNUYCvUAddNcAXcweitRtpoGoSQMByveR1NCCGoo8PSMAOFt27MEmu2mVPDABlYsSpNUBrnnUfHAbRgyh8wRUqPHywFnaW9tfL2gTFdBhuU5KwPWvjgOy4G+k4jg7nitzCRpt0LH5N2hqD0OAo+d4u4DPN9bFcTsauHrvqc8sBWezbW4g922TyGsqsZPsAPhgO9mXkpzzDW0HcNwDFFmAVbxNemA5m4h5aJYoOxItyBsUr12jMZdcBVQvzPH3PeidonI/HUgqTmCGywF3acoy3guHtmVACJFiB2FiMjTABPI3s9xI8AlpJ6HRan+eAJae4ruNxbPbI6IpUbj6qj+3ANvyFpdlJVUAIm6aN1FanpXQjAcPyTmW7mgDqigd5Sp9XmCPDActc3c14vctkLsrbg+0DJMtp8K9MBDlkFwtveNItnJIoMFsq1IkJA6+GAp3j5puRWFFiaeN9qRhh6i2r08aZ4BZrS7+pkhlu+6kTMWVRtRCPHxwCS21yZJZQ5ZIqOJIasrBjr4ZdRgOzHu0NDbtCT+WginXMb9upH2Z4Do7TnYbi13oN0BIMchNDTxp1wBO61ye0SqpIKxltN3Q4Acl2O2YZC0N3GQtCMn61GAGbmiDdQAEbjShwD0UiOSy/Ls2gVqM8AR5IzFCW+eP0bjlppU4BaOdp1cIwArQIDqfEnAFjlkiCwp81as/4fsOAM8sTEo43BtD5r5YAU3J24kEYTYAKMRkuAjHLWRVTbTWo88A2scYdbgkbQflBzHTADkajMJH29UA6DoMA3Fd79sYY7gfsHxwE7mMXEbJkWQUJ+HTAAgtI12Z0LV3UNSK4C67dpsUBMloxY9emAGxgpWMUZfl8DXAKuYmZVJ3hdaCuZwG4AizbnJFDnTP78BecO/GLc3EvIUljETdlencOnxwCFy0JkG1AKCvp0rrgFlZVkDn5SOutPjgDRvuRa0G0lqjTLpgGDIp3EZKwr6c8Au8pdwMgBWrEZZaU88AwQrR792g9IHjgAzTHcpkI25FSNaHpgJo8JRd4JJJo2vXxwEJpVHqU1DHOuX2A4Bq0mDx1alD0AzPlXAQuSFRWyFCzB9Psp44Ddq3dTbIalfUw1y6YBW4J3SbaU/Gxyr1oMArAy57iFBDHb1PhXASmZkkShpU1B606YAUrESqqg0dtvnT4/HASnkYrE5ydjtNDp8cBgmJlKOBu8jStPHAMyNsRTSsjA+lchnpU4BUv3VDMpJBKtnUAjAEioKbagKpJ8M8BGwmMxcutSG3KhNQa4CU9w4jDkBkJKldaeFTgN2k5CShanbT1eG464AqIzOVVg60JZqU+zPAQYlJhNTYhUhR/bgMkurmLcYwpjZRsWnzHzwA7dRFIWkymdR3EGlTpTAN2qQRhk309XpzoK+GA2YoXAlT1ndQ5VGR6/DASaPukpECZUp6zkBngImNldoipQjTPx1rgBy21DtQVO2pAOR+PngIpD9O6S7R+aD3DqAB0wFjBZRNFtB/NY1DVyzGmAWuLZbeRQaSAH5V1Hl54ADl5ZACuwAEHxp8cBxMVxLvEalQa5gCvwwD0Vzt3SMwBUncNoGn9mAQj5ON5JGRwEJIBOm7TLANx3MyhSu07RXQGnwwFrZ382c0hWNPlqFG4+dMBbRNcXtu95AS0NuwBOuXQnAD5O7iiRz9QjBhuUUBNeueAz2FC9/wC4HmtgZOxAxH9VWywHa/S3QupWWSjNIVaNsqnAWSRQKm6SvciNQdXVwNRgKAi0529uI7k9xO2CGqV2spqcAi3EOZllSZmioGYAkAs3j5DAQn4W7TuXHH3bd1KFo3IO8HI5ag+GAqbjhuWgu5LaZF7uzerAhVBYdScBCazkt4ye6HkK7ZESuQ0+3AcTcWckvIJDLK0cUYKySjMka0NcBU8hMbWRLTjwrs6sVzGQrXd8cBPnbWNuxBJOsMkCpLNI4J9ZzoAMBSwX/FWgnnd+5fsfySa+nPUeGAT4+SSKdLyQd8SMd1T89TUkg4Df101tbCURrQs9EXIIWNQCBgKM3w2uzqd9aowrkTgLfhuRu1f80nYRtXdoKdPhgO1hv1BjkA7kKqA6k9f93wpgLsXMF0pnikVpY9pkRc8yKAivlrgK9CJZTtBJUVUHr8fCuAib9rR2Ckju02KoqBTX+OAtrWZVjdZNrCRQS2vqGmA3HMsUaxiJVKAsCo/E3QnwwGblaNHnFGbILWlPswGXkdgYmmjaSK4UCimhB8cBS3bRtNE9uSY6/meeAnDOkb7nNFY5ba1HgM8BeQXNmbeIyEo5NKU/COpwGrqWwa33QTHuqaEEanUYCPH3Np9Z+ZUx5Elv44CxNxbiRqqoVs1FchngLiM8dJFKSqxyrHVHDUNdKU64ClFw4ARiSw+UeNcA5CxBLM2eRNchT44AbbtwKgBSaV6UwEJW7SM5NUJzFaDAEiMjL6gaFaqF/s8cAHbN3QCfUBuJGQIGAws0vqBoUOan/DAahkkZdoFM6gjKuAPFIasSaBQTt8/A4DGmPedkJNBp0J1zwDQudm6NiCWUFRTMA64ActHWFh8q1zOR+3ACWVo0qDUA1y0PgKYCTJJOyCtHY5V8fPANQllDRgAiu1SMhXwwGX7ssSDMEGhJ6fZgB20pHcCt+YRQHxGAHJKZGO2h2+mh8MAGGBKlyxqa7duZFPHAQo4kq7b9uYU569cBvvoVIt2B2kkg6+fwwCbzEybwdyAghfAg4DQujLcttFAGq3iT/hgLS3uonHZDV9VKdMx0wGu0F3Khzclin9NPGmAywt72/wCQi423ykmbaKiqgHVj8BgLme04zib2axkgdrqD0SvvIV2OhApkCMBktvwkEbi5SRMgf8zIVy0pTAESHg4x3Idy24P5svcqPSMzkMAzBa8Ndos6ByktQNsozFaA1pgANxnDiZtyTNFHQK3cqNMxSnTAFm4vinR0tY5TcRIXR3cUBUVpSmA5tQolkmkDbmAAzyrTADhin3lSfyyajOoqOtemAb3fTWw2ttJJYDWtTgDxPIA3b2736nM0GAM83dJVGqRTcSM9wwFGOX3crLZSOoVFTawFaeIpgHLaTuySdoEMkhRmb1V8wMBzPuPnZoZjZ2zmOhoJEb8XjgLXhPcwuII4LmhkiUgyHPMaE+ZwF/bSC+tu9ERuqd1MxgPJ4Lho5KopWMnNiaiuAtVlW4hdJF2s4oW0K16/bgOaMWwNFE1XhrnXJqammA0OVvLS2WGGQBxVy1a1+OAt+O93WVzAsc1YZjXuErVKDWh88B6F7G9x2F3wF/DFGdwuFG5/xLTKlP44BPkbVFczWkYliJ3GM50Ph8MBY+xb5+I5O6mkja2tZUAaSIUo4NQKnAXF77ilW6uF76vAZN6s+R9XUkaYC2tPcMRXYHMTgAbxRgOvXAVbXwW9up6xpviYCVKKrkZ0pgOYf3Vecff99VFxbt827LIdFrllgKs+7rj9YubxGYJMBQdAykGnwwGXfuTmHuvqXmqrtvML5gg6AnAFg52S6kdEbZcbSwkHqAP92AprmO4UPc3c6TTBWaOMKdtDrXActb2aSwzSXJKwRSq1vO+SgVrTIVOAzm7yCYm1ileY+nYNhow6560wFNfQQ3VxHFFClvP/AJcju3h1zwBKRWNmLaM926ljbfU5qQfwYBGXkvqEaO5jBuHXYJOh2jItTr54CtQPK4iKVodxC9aYDooUihjijYoJJM0XU4C54+69JjalAutMyMAxxt4BO8RjZZXAMRQ0o48cAaKQs8juxXUSN0+NemAlJKUUAUCjNGJ1X/HAOWF6pVlDAtoRUZfAYBq3keYExuc2O8MOgOR8sBl7K0caXcgWRUYIEBzpXXASuWj7EiRt3ARXKuRPQHywC7IEVFoGlZa0GQI64CELxuyqsO4KpIPhTAOiSA26SMwWZctwOX3HAKLJHcJtjG18zUUqAPLARiZ4ka4yJJAGRNT54CwtindVmG0EgBabs9ScBfQyRlk0JOhOdTgDzOkdJFQZ5064DJGSYxqgGtTU9cBpqg+rQHJTqBgBTKk8DIRoar10wG7cdtFVgSMqA50GmAgImWdi1WVagEHPxpgBwuxFx24ynaYZk1LZYCaKlVlYkqD0yNTgD9ncxBJ3PVmDHKo8MBFtqMzou6pUGhyBOAxm2h5RTPMHz8KYCQ3u6IWpuGpGelcsBpn3bUyWuRoM8s6npU4CUhYRmlQ6fKemAm7yRsARmqh3z6E4Cd3Ro1kK0DdCa54BZZoFkohNSANg/jgGZmgMasi1AGYXxOlcAmCsSksSrA7gtcsAnJyCIjTzCqN6Qw8+uABb3CSymGEKFJ9ZORPxrgJOSWkcrUIOmXmMBScpzUVgLcLKO9MTuahoBpXLXAXXtm+h5RHuRVDA3YIYCu4DMinjgL0SLHR6bt1akZ5+eAufaHI8VxvKm4v5lWSR1iBbSOJ/nf7dMB0vv6Dj+Qnj5/23It7aOnYupbYdxEkhGjEaEgjAeLe/r+8t7uHj5EdITGJHjNUYlhUVB8MBX+z/AHNdQ8hb2kziSxLKOwF3Nt1Jby8cB6na8BdwXd1dx2lw0Vz609BCKGAIVF6fZgHTxfIRktbWszFqVDI1B/DAWnFpyPGCe4nspJTPG0Oxo2yLigZcjkMBwHO8dP7ZuVtrlpGimUSRXE1VLVNSo6ZHAJXPKLHEpopaQgFTX7wBgHOUuFligaAHQHwplgN8e6yXSRGquSDXdQkjPATuOQ7C3Jk9BBbYxyGhoDTAeYG/mXkFlMjNJUuxXp8cA9be77jjoZoohvlnZgFbPbXqMAhPM/Z3zUeZ6MaqaCpqaYBSO5u2mluELJHsIArSpprgO59i83LOJFuWLugPbFa+ilTTzrgOFa5pQsCaMSeg8cBk97JUujlA2QUHI1HU4BGB5Fcsx2rWuZqCa1NMAjdzbnZ2NUIOY1rgIW1w8cCqyhkkqiroQT1wHoHtXkBYcQixoELSskhrkaa/cMB2NryzSAqgStNwbWig0+/AXJvVtOPYwkSIfU1Bo3ngOQ473RDdyXX14WMM22NduTBTl/HAX1nch7oLENytnWlSS2tR5YCPPRbrU3GcZQEduPNWJGvxGA5UJc8lElqiqJI1LVYkMfj5YClef6eZYnjLSwyUKk5bTrTAWUk9s8cs4PaetCgHppTIA4BKwass0i7tdqyA0rUZ4A1+0z2bRJKXuZDtV0BAUDLPAVVtM9lEyTyGVqNXcMoyRTQ4Crmu4FSOXukvEhEbLqKnp5YAEl1x13E7BikrbQ7MM6jMmuABE3dSa7mmM15UCELQDzI+zAB42aOMu6iIXO8qGkBIHjlgDWV1EoMQV3O47SFydq1FOuARnvJrW6YTRFRXcobWpNfswF3x96ZCskI2o421bQ7enxwFrHdfRyKdgaUsGZq5060rgDoJ7ZpIgzMGkJjdhRnjkzWuAI9q7hxJu2tURkj5fPAVgi3HagPfi9Ltnl4E0wD3EyXMncczFoc1ZQc8sq1OANy9zI1rJMgbsACKtQKueoGAtra+int4kNY3jCHdTqBQ1wBDGuzvolY1Jr1zIwB7SOJbUzFTGabdv4ida4Cju3eKTtgAwmrrXPOudcAGCYBC4oJBUilSPh8MBaW5+ot2MZLMXCSA6VX+kYBy0lbe1ZAtKoQRU0HXAW5lSBFkB3yN0NMj0pgCpexTTHuKFUUFK6nwJwC63TxsygBqsQBXMDAWUUqTx7mIDghSuVQK4DckkMIYs4CrTIaGpwGGSJ22oQ61BB0+OAx7u3jkZ9gfdqqk5/3YCc1zYW1sGRG7jruO6u1SfPrgFQ9vIreqvgB5YBhDGhU1qoWtRn/PAUXIcvHbsyQmrVFWOSgYBS19xGWZYLkD1OBtHQ9CfLAdU6KxEiEMIxr0qRgN2lrcTJc3UYDQ26h5SdArECtPDACknjLb2ICV6eWAhNfQrK8q+rICvl8MAG45SKW2UAVkUEAV/jgKYyyOH3DaFzUJ4/HAN8XNNHJ+cw7cgpStaEaUwCXIyz/Ul4z6QaADMfbgKyS6dmEbErApG9aZbvAYCMd0qzLGtRuJJqpzB09XlgLDfcxoxSZY2VC4aQ1GzrXAci0lxyUxEloXnCkRyqaChOWRyzwFl7VN1w85jmVhFcFQ4kqFVa57R44D0aWNLVdksoouZANT6hXAXvtJ+Ai5Jb3kSl3ahGjltmTdm60GuWA7OP3P7KseH5Lg+OtfoLKRTMYNpCGUgEgU+GA+duZg/wCoOcub2hW2IKgJUgbRQff5YA3tLgore9KXMMMz3B2CWZiFhUA+oNlmPPAelftl7Sm5Hm7if3DNM/BxFxDMbl1gYbAU2moqCa6YBr9wfZ1jbcZC/Bz8ibppyCIJpXqtDQCh0wFJ+2V5yXevbLlZpv8ATQyKILiVy3eGRqWNagYA37oQSv7rUnfJALK39LNVUIQHIdCcByEsokdVRNzVopAzwFgEuDFtCFySAVJrrpgDK30vNWLKAJGydDoTTrgKH3LdXDwrbAHvyPualaM1c/7sByMkckFzMJI2SUgDaF+3ACPHX80El/CtEBAKHJqjUjAL3F3Kuzubl9PpU6nAbszd3ayxpFukIBr1UE9cBY8DcTcVyzzXSNGAjRxxeOVMv7MBrkuI5OznZpoaRhgpZj6WqMqYAa2F2vcd4G2Cm4gV2VHlgF5rC5jtyWjZUruVyKZfHAU95A6qVdCoA3KBWtG0rgKmWeQSKm7aF+4jAd/wfIW8PHWYgUPFvHeD/wBZ116YCzTkWWeWOIamsbH0hV6AUwFjb85KLOWF/U7GgcHSn9+A5vjbpY5715BmW3IlMhnngOk4XlxHySsGHZSla+XhgHL73NNdXf04otqH3DbTMHX7MBVtdRWLFonZWhLBRXcaV6+ORwFNPL3JTIrUV6sa9GHxwA7iYpbpItfV6STUjw+3ADjuNwjgKkRBwzitK0OdfLAWVzNBEWCuUBaqV02tgOcupU75VpKvIW3GvjoSMBQ3EvdC7JUUj0M+npU+GAncdiFVjiXdGQsj1qa01+/ALwz2iyGQRsfU21AcqNpgNpyEdrM4WPYjqVWoqVJ656/HAZb8jcqgUP2yp3CXXzwA5JRcybrh65H1DxOmAubJIordASaD1NX+G3AOx3MMykvKEdQxj3A1OevxwHQ8bKLu2gjf1NC1ATkQlND9uAJJDOjErGZF1G1stoOAWRUSG7kKFZHqGNaUr44CPCqkXFrIhVWZmo1NRXrXAb5AB4EiaQBCRvpma61JwDveig2u0pXelP8AeZdPTgLFLqFLNIyT2pKAA60p1HjgIyzIdkETUSoOeoHwOARvxbzMDLIN0YJ1+bx/hgKewuXa4KA+iRyroBU9uvT44DoYrthG0MRAELHaFHU+JwE1YLC0cq7WbNphn9mAlaxOo7xfKhz3ZgfbgLAmKQoQ+xQtaHMMQOpwC8MDGp7pUE+oan7DgHEjaH1RSMxGbeNMAJ5mknCiUlifUrU06YA1jIe4aOXYElWAoNaEUwD6SJV9oBOhqKqK+GAFJHdxOYbtyX1RWAoqEVFAK4CNy0JQyD0AUGXlkSMAveNMsDSGWsIAKqPCvXAczcpvfuByd2tcAtZpF36zN6I3Boq1LMOh+GA7ePkCbchU7YcCnXTAXfBXkx4j3AUoSsEdFpqWkA664Ck3M7kxqFlAIZWOQ8TgKuZJ5HcmihWp8cAtGxD9upBVqV/ngDF9jsWJMe2uXWnwwEGuJN8bx02HNTpX/swBHnLP8u4n1EUyJwBTD9RG9UVWHqanSuA1Cyd2jkExLRABkK6VwDTpG7s8qqXZNnb/AN4nXPAbhSOKRVoqxg9tRStDTywE5k3yZ0aVDuSSmSjywEI4br/OcErnXMbtNcA1x97LH6Y4CQTkCa1wDF/L3YwsgKOyla1oa9MBWQWEiSQW8QBjH+ZuFBU6/fgHH7EU6o1tDImmyh2Fx1JJ1wHS2nuy/wCZ4ibiY4rZVtkVuwG2OEQ5bVHhgH098e47SHfBHGEWm5ypJFfPAc2063l+/KAMl1cy9ybbUDcxzy88BffuC8be5ZYmBNIIAJAf/wBWMqDAcpZ2UcdzJIqUipTP+o4BiIxQb6oAa+kNnpngBbIzdLcAeta118MqYDHjt5nSWWgda1y0+GAFPbWcqszRqZMgZGGdBgBfTW8abNiujkZUoATkcAvd8HxF4lbmJSVG0PoQD1wErHgeNsDKsCHZJ/meeWoOv2YAF/dcfbpHI0aSNG1FqND0J64AfPGZOEdpozcSrtkWU+qig1qQdQcBSWcoliaEhlSQbu2mtKV+3ANRXJmgjhuqE5bIgfSKgipB64C14uKGe8svqXRmhjbeojVqU9OdeuA7yL2twd4lbzjbWSNxtR5Y0DqDrWgGuAreU9hezOLtCiQJAs7qwZWYU9XqHhgKyT2P7fv7+W245pkW3Vd7b6ipFanzwGT/ALYWUcLGHlZEkY1WN0B9R00OA5Wf2He2l8ltHyEbtcRykHaQqhCBQ/fgCy+wfcdldtaQyQylwCrK9K10zOhwCq+0vdEEjd3jbhnFc1Wop41GAhdxTpEwmglE4Ubt6EFSvpPTAUz9hWUmrF6lBpoKE4Bp5IzGyZNGEyXwYjAV/GyxxSEMCZGBA3f09fuwEr55iGQR7wuSdTSmA5e676qHcrU+jbX1EHxOADbwSRJNMIgWA9CGhUeeepwCsxllZZ7iWuZFEp+HPPARWO3IYS7jMc1UenLx88BGsT1EjFwuW7U4DE9CGRh+UPSCMtcBAdxpNrGm+gHwwFvbW9wrdkktEMzTM/8AZgLO1467lkZ1Kr2zRmOdARlTAWXG3MEBaGRd4MnbLZ13EUBwFxb3LCSKzUVfKrZioY5ivlgE+VR7aK9IO6RclGo2nARtpivFWkNCn9dB4nAK3NyltKiLUF2q3UYAt1yExe2Dj/TpIpqf6RlQeGAsru8a82/SgfTx0O4ihBHjgNl1kkOwl7gLrqAPDALyzJcwyRtsdo1I27TQ0PlgIm4+l+nMQhjkZAsg6kMa4DNzrcyBW3K+TqBQeJyGtMBbSM0Ea1Bcsv4sxgI/ViGGjsNRUdc88hgOh4XiOS57enCRicwxmZo3IGnQdCfAYCsikC+ja63ETN3DSlDoR9mAa49/rb+147udn6pu19RQkgtofPAa5YRcX7sX2vLMby9SJXkuEQpRWNAKf1YBz3hxA9ifpltdX4muuYlCWlvs2yKDmWY10BywCYuWt0Zq7mX/ADPjX+GAr+V5TkeQujIXC02RIUXYGjUUoaDAZay3vqip3VJAUk120GdMBq7F4kSIW3CQmgP8sAvb2Uk0bGXKU5xrmAMsBCPiZ+8VD+p4w2dQA3n8MBcwr9MAjPvQEFjXXLofDAdJ7YuRarfFrxLPeobedpokX5j+lvm9IwHNe0PcVt7kurq77TyRSXcrPFIdriCvpApSgIwDV9y3Ctz3I8PYt2msdodHJbaXFSK+WA2I440NCJe5lvFMj4U1wGmjj7JIUEA7Qx6eVcACM2s6bUIUpUHbqB4HAFqsRTe35dcgw1C+Y8cBCaeGRmMZCF83+zp8cAmltbxyiRZWcLnmcsumANNdUeOQCqgDfU4Av1qNJv2EIQDTrkMjlgG4C67biaJhbtk7MCFBPngJvyEBcwpQVyY1ypTx88AjJysVtMv4EUU2jU+ZwEG5V5mDxjeBmDrr1OAbt7lGZi5qX9W+uVB/LACmuJp0eQqGiHyHQlqUqPhgOWgsuU4S5/UOPmLXsjby7MW1BAUVwF3xnurlVLcTyAbv13LcV9JAzK5anPAXLXv0/bKkFWkX+JzwD3uTnDf+4Lq4Cmn5aJUg/KgAJ8sAtBc9mItI++nQZivngELnkoFjEwbc5faEJrQ9ScAq/uSMN2rVCbokMa/Lrp51wBY74MCWovpNGrUBq6YAE/OOkIJTe4PqRdSOn34CMPM3ztG08P5RNGUAkqToTgK/kuYRLoQKjNGzDvEk/YBgCDl7uOPsJcBjF80isNCcq10wCA5NLrerFZ5FJDSsc6Hwp4YDoua5OM2EnauUIkiosqgnuIKDbt6U0wCN7yVvGti9tGI7tE3S3EZBHbIoPT4+IOAH+o2zWdoe2hZgyNJkM65tXxGARseTHHX6RQk3LIWXuKdgO5qgt40wHsHt/kZ7uPtXEUcccqiYzE5xsppT1ag64AXunkuOPGSSENcQbgKZGqq2ZpgKW1460952d3DcSzWtotwO29tIYXIQBaNt1qMB2P1UHC8dZ2AXvRRILdTUFwoNAzs2enXAUnPT2d1aQiwU9x5Ws/SayKXI3H4ZYC5t7UwwqkapcRJ6mmb1AMvQn+eAsE5OSFKrUxtWhBqB/t0wC9zzEkMTKYA5ZRsG0Zox0OXjgKW9TguTjLycVbu2cbFY9jgAZgEYDkbn29wTzpS1kiikQnZG5FCpFBngKqD2hZuRcxyPAZHZYEmCuA1c0LZZkaYDneYsLqwnaM/6eJHIqTkaDrTAVz8XPdyySKYgyqNikUXcBma/DAclfSbJnikqzN8jq1A1MhRfPAJxzRxzb1jYr8rxyZEN44CUSXDF5IomeuVRnTqa/ZgNwrLcyLbpGTITRcup88A5AjQs0U9uZV9QKgfKR1wAJbaVbmPtoWUqu1Qa5tpgLu1jmSZU2OHptyqamnj44DoeJgu7Le8cUj1A3qVJIr/bgCXFoe8rCMBpCHMfyncDnl/OmAk/IPboUj2svzbmzzHhgKS7576qG6WVjtADeWbUwD1rOk9iptgJAmwAg0oBrlgMkhW4lgLsqSMxNKnIVyJGAsrriorzYO/skQKuxR6cjllgJ21usFzdLK2+1SMZAU9XnTAEW1WX8qMtDvGZGoGAS5KyuImLW/p/L2NtyrT+/ACg455rqNJN3bCbiSK1p0z0pgLFeOXduCMVZsiTn4AHywFkYu3bjfuUGg2ihzH9mAY4n21ee4OQj2QuvH7gs118qIvWtdT5YD3DgYvbnAW8VpaPEFQDukUY7tNzMvjgOZ9z+1Lfk7y6vOFhEfKGriyQUSaP+pDpuOp8cB57Y8g/EXxv2hSW9tTsWCQ7CrtkaL1PlgFeNhlu/c0nv65M917sWYhuCMe2D6SEChLa5a4Dzz94fdXMe6/ew5GZXtBZJH9DARTZSjfxOAdt/wBwbKUJ+oQSpKVUXG1Rs3U9VB8cBbWPvDgpSRNeqrJmBQg0PjXAWKclZXEZexuYnJO8gMKjP+WAbe/heJJZ7iJXAzEdWoF1G0VwDNm5uwJreGeSEbhlAwFVz6+GAJIF2MzxTbCaA9omp6D+3ARmt7ikKw207ADcVWIKKDUkk6DAWUdgt/wz8VecY/6hcpI1ryLyIqJUZIdvynxwFhwft+wMBsYZ0hv7BaTzgEb51AOwt1ApgPO+R4FeHTkfc1zJG3IvI81wv5lZmLAUqaDAVS+871hlZQ+qh27mNPMGmA672zfXXuJxCONZYq+udZgYQxyFajKo0wHSr7eliFBbxd0ULlZXcbRnT0rmcBscMLkkzwx/S0HbCd0EOTX1nwp1wCj8JM6lVsol7MgBDNIpKE5OhpnX+GAab2vI6kR2scZILCQySFXHSmWWAGPbMlvDHugt+9IN6s5kYa5jXAW9px0dtMHN3t2CjLaxotBqak1OA3c8Vb33GmNC60DMBNOTSooHZR6Svj9+A80uOPvOL5C4t7or3VkCpIpLROpWoYEZfbgKy7vdso7zkuvpUrnUjANW13JEyKDkV9TDLaKaHAN21wJDGqODuNB4Keo+GAsXldIApI7cbevbkc/DAAMwmTeVoisKdQKHQYAd1NbF0kjT1q1QTltI64Cc/IRmVYYX3P1ZtAGwGuRum2tWXa5C9srmpAH4sAhJyssdua0Dr85WpDUwFTJzTXFSG21zbKnqpQjAMW0s0xPcYbIhtCUoWr4nALS8g8QIFaq1HXpUdBgJ8Vcb45XKNIzNRnk1UeA+GAYuruOKCSTc4oNgyoPj5nAU0nJbleQA7aU30qy0FCfhgEG5eHtm2hD0ICPOorUscwANctMAzLdcTY2E1hBDNHfTspil60ArWvSpwDD2vJGGCNQ5BzFdQD5YB+w4a6idjdOWVtaHMH44CY4xirRj1jduVWy9JwGj7buWDUY9x6GKrEEV1+OAKtt7jjJiF/ILfcNwqTmBTANmW9NsbW6kbtou0AE1qeueAa9vQcvYcRys6T7FMkLIVYkgVIJp5jAal5/mxMjTSlgikKxGRodPPAVsvubk++sjMY5oG3gjSp8h44C74b9wOU49ApQM7kh0kYsuR/CPE4C8X3heXcadyIqy+skMQtdAKfHAGPvCdyUk+XaVWmufifLAT4/3DPLvlkj9AA7pDBKHoSD5YCXI8o8twrWETMqpX0UY+Oq6VwFRyd/LJbxxOGijrv0qu/r9uAqZZ5JABeP9QmqFlC0IHXAJVN3CsdGWIlizKKVNMgfLAcXyHtu5gAuUUS0G8rpTPQYBo8Gbnj1uFVkkqGAGZY0yFMA7wnDuFE12skchYkqVG2hFP7cBeRcVBbK35O419NFqQVNajAHg9uy30YeO0aMuWEckgCerxz6YCw4z2YsfN2kl1fxOUdKwWdJZmaMGgFBtB+3Adt+nRzJDNacZFEiyflNyEvbd2PyuNorQnLPAMH3By0XeWKO0Ug0nm2N6R8oYAA1Ctk3hgK+973M3EHLXUNm3JcWdvcRXVRGRtk9IABIr16Z4CpvPb1pLy3ah4iA8YYxNHfsZBucnaysqnoTTAIyeyvby3rI3HRrZMFjmAmmi9QzJ9S9CM8BaXPtjillW9gsoYLdI1WG1tptihUGZoVJcnWvXALL7ct7K/s72DjDKkQWUGabJlDVYFSPUB/LAT5Xhn5D3Byd4lh+m2U7K1vBBIkgjUgEsAOnUYAn/AEfarHGwt7qZZSEkaS4jir4nQ6YC1i9r2dtGYJrRV7hCxPJc1YN4UQZjAa/QYoz2LuGySCMkkIJJ5e2NWNDQlTmR4Z4BpuGEJjS2kh7FCdy2lWZToVLH1E6gdfjgDJxlpb2odE735gMkskCpkxyI+GAlJBbIyyFiFikAMO2MbgNSaLUimtPjgMu7Xvw7rSWnbqFEkhpI5zHpQUr088AGx5C5umlt54JeMngUKrRrSCWLVQzEDKv4sB1NpfPIDbPKFuoox3AhpQUqO234x5jAcT+5vsBvdFo3O8ZCE9z2ab3gjqEvI1HzAAikoHh82A5/2B+5l3LeQcbysdtY8jGi28d2YwqTsvpCXLn5cvTu+/APe6fYPA+9fc83Irefp00hVLi3C70Eka0kKU1AOA4qX9tEh9wXUalv0mFypkibc7sQNop0rm3n0wBpfaPt+wuo7lYXKH0UnYMrAfNkQPswHQ8bZWcRAWyt44a7427S/KdKCla4C+tZYhMhEA+oA2SGKJYQAci1SK5jAOxz75AspKWsRKwRhyWI6bwK+n+K/DAakFzazCn08kshC9hiPUj6PRcgy+PXAJ2s62cxuLcmfLb25TVg1TovTwwFoJ4pHkZogksozVPlCqNQoGR8D/ZgKmVuSku4bqG8WC2gjeP6JtgGw/8ANIXMsBlTprgB3/EWvPcWLG7ldbaYdgPTeUIzJINNfHAKcd7K9tcNHE0cX6j2aJI7qzJU/KTpUfDAWlvJZ8a5gtImWOZjGsSIUDSVzZ6UAUdDgLGOW4SJk3CVs3iUmra5mgOnn0wEkg+oSSAOVMg7xfcqsaar6chTr4ajAFiIRpkEdZXXtoWO7pUuCDqOv92AhMtvc2Jt2bIjMrIdxPy0Va9fjgJWqdpGWSFmeBdsvaFWOYNGJ8tQuuuuAVlhnjuO5ZQqoV6qtTsYNmQx1by8emAlAI7ibtSnYjAs6ABEUGtSaag9R01wC/J8VFydqLJz34II9kLEGME/hNQMwtcB5Fy/Djjrxor+Ybg22PYpCORWpUnXMUwEYHAtBdFfQpKsQep6YAsNwe3viFHWQAEjbQMMBbx3aBCJhVjUKM61HXAbR+zx5NSYRm7V+UHMaeOAUmuEaNJ0dWrquvpHicBS8hfPFsIBSh9Q60+zXAKDkrmW8jiWXYG9JcgekfblgDfWTJJLEsiOsdfW+eR0ywCDXRLSdxV7rEGq5aaUGAit5dd9n7hUH0sCa1Y+GAHeSnuJuZu42prQCg6YBiDkWSGS3i2l1UEmRj6q64BCS4uHD96Ul2NEBqVFOmACrFUWDePUKeIOAbigm4+RWRgl18wU0KhcAbkWtnhjmKFr2Q72euamtMB2X1UZjViKDQDqaHoMAyLtZFooGhFQDoemAh9XGkpJ9NKKMszTpgJ/XlJsvkoc/wCmmASPJSyelqihoG6VwALq8dX31BFM00I88BZWl8jcDyvZegV4AT4EscBz03JyCUgkmIIKswyrpgFo7xJ2Dg+h/S4I6aYDSSw284nKbkUhEy3AZ0rgLSTnGtpUEW4xE7TGBmx8sA/cctxnHdibkyayAlrdRUigrnTL44DvPYPtT3h7glb3HyKKvBIpl49p7YRrKhWipsOZSmrYBaaCzSO4uOOjcQdx7a6NvGI9skZq0abiCdnzIeq1GAqbSW4TljbzF54gpKojB4SpFd0YzqQPWPHMYCdxZtdXTRR0lkY1RGUOGNKkJpqPUueeY1wBUtIJbA3EcCmOFhHKVDUMq1LD0muY9S+OYwADxCSIxurZY8yqMGbc1RWi1FDuX1LgGbLh+PlVI4liBaqxd6Y7Q6UIHpAzYZr46YCLW/ISXBg46OzFqBumuGVi3bJpuVW1FfS3gcBd/pii2iu7jkJ+yrlDDGiQ5LSu6lT6T8w8MxgMews0uD2YhJJPtG+aVpUjT56jQVP4T+IZYBm3QDdDaPbxWkrBjFbL2iFrkQ+e0EiqN45HAHj7lyrtK2+MlnErkFm6ELlkpp6wNDngGYO5MXFvvjmm/LfMFgAMwNwA3Ea/1r54CuiSTjxMkMywxgeuQnvbWzA3Z5tt+XxGWA1CLuNY54Ll7iwQ5OSVUswyAUVJU+eq+YwDMguj+bcTFg69uaZmNIl6Af7w0J6ihwEbGdI5xBOQtV9K+oyduM5mraE/w+GAYJfdM8DPFbupQSTbnkSui0pQV6f0nywCFlEbK1ayWR0tiO7FLL/7lkU1dFXUUPTp0ywDK7fpHubwM9zC42yEErEPHbX1ZZlR8RgNNds5kdXLqE2x3LruPq6xINARgJLyYjRoADBDGVeJlC92RAPUwataGv2YCTlVjkWDYpAMsERIlEVfV6ampHUgfKcxlgFoua32yO8iieEly0uYmdsyaLX1DUjrqMBjX1s7FVlSWWICSSQl2YKwqNoHT/t8cA+kjfVJGAYY4VRkYjaVZ860z3KfLTUYAN3C1xEx7yy3UkhlDzFneMj4ZEsNF0b44Cut4biMw3U11KdtWsZZSB9O5NGCIM+03n8pwHa8XzScqjWt4gs+VtWqU/F6KeuvnXLAeb/ub+0T8lFee7/a0ZPIxVl5bjalu5170IXqNWX7cBxftT3pDJCOO9w/6e5g2xW14np9P4ixrUnzH24D0e2gspbaO6sZvqLYR7IZagl0U/xWuY6jAIy8POkl1BdLBd2dwBJBuZnl2y5OgoQM6ZH+3AQXjktDAAzMkaloCHdhBGuWxtasOnlgLaCG4Kg3AYxyKavMdo2j7a54CdO1GqwMfppFIAJEbFgcl8c+h64ASxyMtvLCWj2Lt2DaooT6lauZHl0OYwE5DbWd3NdAtHHRFbuCskgIrmzACteuAJHJL3FQemY0DKpLSAHOpIyAwG+/bLLJEkXfkXJQibSwr/UdFBOWANt3H8qkL7WU1UkNT8FBlkcx/DACcMiS9yRp1kTsupIEis/QKv8A5vHUZ4BOVewVsAKWyx0kmYllIqDQtX+OAfkMke1JS4iQemSmxNh0AoKtXAFEKySwSFnIQ5IhZVA8QANR54B2a1t/pyVylb5TX/LQGuQJP+HwwCLtvA+jttp2sYFNEd2UZ0you3qPt0wC5NyIDbTRoJiAyW6z+pHOZL06keeANEX7aW7RLA8iFrdHBdmIpkDWhHXAScOwMcQALhhSQ7BEwGR6Fj5DUZ4Cvju78r2bho5bgtV0iRtoRaZhnP30+OAR5fjrTluOFvdkNMrEW80hH5LamoHX+eA8wvbO44i7fj7yJ4ppKyLuFFZfwso8CMAzFItwrLO+5odpjKj1UrrTQ0wG1uZLqaSTtFciq1yZvA4AFxNLBbdsvQazA6EgZDAVkd2DGrfIqihOWoNcAneXyyo2e4aqCaN5YCsN1SVV3UZciNSAfE4ARuH30VqbyAV8h4nAaluXVya12tuBJ/gMBkd9cEln9JJNHPjgBSzzBy28vU11OWAj9VKKlFqagVbWutftwDzgfSIrhmO9SSNAx6YCzgMM0o76CIRgVI8P6qfHACn2wTmOOcNGdSw9QJOg1wBYPbvuLkrsLYcfc3caHuo6ROyUNMt1KYDrnVYrqPZnEOlBWowDlvJFWXaPUBWmig0wCtzEqRM8TAMKEA508hgKzfK8cig1UUpIP5YCaLsBRj+fKKhBkopmKnABf1EufkFFZG134CzsVEPCc1GibUP09WJrmWOuA5SS+kdmSUDtjKhNQPLAEhA7W6UBBmfEHPywBYriKLesmYYFowVrqMBan9O4zjhdXhEvNuncg4srtKrXKWR2oBXoupwHoP7RftI3u+RPdfuTur7fEjNbWEj1eWVSM2FMkr064D6jMIjiSKGkcSqFSNQAqgClAulMB5J+4/sp0nPL2jIltMa3aCrSExjcGjTTepFfMYDyqYWVnPDFEwjuZhvREUl0Ukvuj6Zn1x/auAZS4AKyRo7wuFWELWNkl+cMhrkD88fnVcAAtJdzz3U94Z0JRylvSNGZswwAA+Yio8HqOuAbFJnmRWSW4YK6HP5WzZAWPpLfMv8AS4pgNbnPagA/zDSMllVGOqkkA7Q5y/3X+OANbXN48rzTGKO4iYyL3GA9AG1nNAKq3ySp454Bz6naNzIxaSkTw79oXKqxjLMgZxSdRlgBWazOTHeiICQsiNHJVmjY+lKZAKx+U/hbAahbs24tgd8EhdZ45ioJUZOtVz2/1D8JzwBbONrK7eCO5zUbYCoLsG21Cl2yEgGQ/rXAPLyCog7qRvkFmA3yMtTlTpQnQ/hOWAgzxtMV+k7kcqBmDIsYYrmHcE5Z+l/A54A9ndPwN7HycCoyRqwkSgkZpZMhGA3pqp/jn1wAY+UuruA3d68tyxJ7LUSJTKGqtEyowzp55YAEl7Pe3IIIWLuotwQwSbcfkZKVAX/FcBkd4LOOZ2vHEjTIBJ3aq5cnYFWmYNCB9xwDIeZX9EZ7THvTOhLSb89u1jmvgP8AwnAQivEiWCedu1ZTOVhVQXYEmp3BtCDqNV6ZYBzYYruWBEEjlVEgTtGjOSdQfxDP+IwFVbXNsLdZmtHi2MYN0WxjHJuNQzCvxPlmMAe7kNo0CXq/SNNuaKVXjKxkDIHLMNrXAbAiEiplA06sDsZXVWUVUoApp4jw6ZYAcjzx2qyyOw7WUoWlXj8QEWvxXpqMBNAJIlJQSWyisIUESGUmoALdPL7RgHFidVWOUxpcz6w5HflUhiKfd1wCNvt4yeR3ld7e9YsGkUF13+krGzHMeXX44C94xuOsklM7AwkhAwO8witPmGbU/o6YDpOIvzxc/wBBPuhhdt9tcVqXU59zLRT4YDxP9/8A2jwfFcnYe4eJ/KlvmYXMEYH07ya70A+Un8WAV9te5+Mv7G342REsXjTY6x7iGZdQgrQE6nAdjarbzSxNJEslFpspUKGz2s27INr/ABGAY+nMLyQxRGWAsJe0SqqiNqCRrTUGvq+OAJMJGCEKJN4HalCehlXTaGqSfHAN9sGkaU+ql9RJ2uRtGQIyywEoaLtY5z0LlApox82I6eWABJC8x3SfmODvknQB0DHQoXyFMAC8iuFhiiklMTDJ0jZd8oOXqPSmuWADKAGKW1xvhEeyWRQubEV2lgKnLMEYCwSLcIJI5RtJWNyAQikaAkipwC3qdLiSFzWJyzldq1PgzHOvmMAW6ezubSO2MHbncgRKAGBdtfVlkRr/AH4ASzXodNyoEC9u1dzvZEXUBTrpWvhgJtdRwR2xkd27rdnudui7ydWIrSo0PXAWTy9pu3HSKVaug/EijIscvPAQkuGliRDKZBKN0jUKSGmm3OimuAVMUUc0jgu0jqd+aqcxTaCATrgJ2skjyxQNC7rCTtRs3O3P5vDAPSH6uSSK5i2wrRt4ogWQZjbQEkeIwCc1Uj2SW4MkZBQqaks2dKLnQeeArjFJJFMXaKNpiUaZa1AU1pQZCn8PhgKvluEt+Ys7q2udqmHctve0rO8pWgAJ/CSMxgPNA8/ELNx00DLdx1RySKtU6hvADAQk5O3Cxelk21YEVBDAZjzwFBf3EzTKZX3GTNo2r6R41wCdzcBY+2lDGBSqmo8zgFZrh0TavpJ0oARngEwKNVmo7ZU6GvngJLLb90K1VjFA1D0rnrgIuRI1EJ7fqKdTsGAtbbh+W5FFXjbO4utq7j2oncMfKgwF/B+1fvt4De31inHQMA3e5GaO0FD1pIwP8MBBPZXFWzg8x7u42A7qtFamW7c08O2u3+OAv4rX9qLG1TdyHMcvcKwdltrdYIyU6esk0wDc3uj20ZfqON9myzAr6Pq5iQQepVQMA/yfvF+A4pbzi+A4yxvZQJFpbLM0e4Vqxk3ddMAw/K+/fctjbG4vru13bW2wq6RyAj+mPaAMBypvYplNDtyqXOdf9tMAub5oIiw9MzttK+K/44Dcd7NtKVC7dXJrTPTPAFtbre7TD/LTJlYDPzwEL67VZlkSMCNNSp3VrlngIXV7C6xq8YBkUMPwgUGppgLSykWb2rzE6gKQYFDg1JO80GfTAcb9PdSF4YAG31ZqijEDoCcBO0lJpHcv6e222NqKQ69MBY2d4vGxLyF1Cbi6jYmCxbJPUMpHroAdB1wHpv7OftRe++71Pe/u0s/DJMZLS2diXuJYzkX6bFI064D6shihgjEcMSxRroqKEUHyAwAZZvzdqk1AzHTAEuLeC9tzFPGrVBpuG7aSKVGA+ePcfBLZcxe2V9BGg49zPZ9sMrPZt6pFVv6o2/MUfHAc5FZQSs825XWYlBHVhCwf8ylegem+I9G9OAUjdYdxgkaSAbpYXiRY0eOSoZQp6Mdf6XGAy0hFxH9GweSdSHMsgKs5lPpJbRVJFD/S488A6UBLwTIrs5ZJ9gIUS6EknRH+V/6XzwBo3gEaz3MjGWIr/qGBqpT0klBWu0emUfiHqwGSlZJI50hl/KIgaIrII3/EYC3QEeqF/swBfqomjSZJXktrkPsBBDKqn17xSu5TlIv2jAFQkRm5i/KuFJ3bVD/h+cMwzamn9a+eAHFeG4hjaURkNTs25NS3q1JH/ijPQ+nATN/LDGsoYSxLUzkgQQsrmhfWtCfTKvQ54Atvcxz3UJW0SMPVDtJklqooY6VzYD/xrgGJ7ZrlhbNaE2CgiOBTSjUyYt4jVfEZa4Cst5LWJxxlwzyWyuXaWP1J3WFQwbTOmf8AfgLiGKYy/WbtvdG1ztT1lc9xNKCtPVT/AIhgCyOZSAGVIFTdR+2SW1ZfSNev/mGA1bXJ7DTtVolYrIhlFJCw0y/FTpow88AhPbWzXC3TQLPb3IFLZasrBPlKuxyP9LfYcAhHK3C37TNaxPazLttUUnYy1qwdjmHQn7PhgLq2s4EV+Qt9o4qc1uW2iL8wGpqpqdwPUfZgDGGNyk9y6tZxAozkgMVfNQaA7fKmnTAF7iwlYoXLGMFEj9bMKUNahRUdcvswGXc11bzmCK1e6kbOQlvy1LeS5+Y/hgFp7CZkiRnjiuJXIecgIan5aISQG89D8cAaxUGOZVkFxLCxj7hRS7MpFWPh8cADk7u2aB2EHdCsFZ5GXeqk+plAH+3XAMFrWeEmBVKzAKiu7RQyFNWdgMnHj9+Ait+0dqlgzTyd8lhOATGO0a7U67j1XQ6jAch+5HF3/u/jOLtFu0t+zcMHaddiigrkdSKafdgOfsPZHH8Zd2bXXJyXE20SQRQRER7wcs2OeYwHeWlva3dxcunIRl6KzW+VSxOS0XLd/P44A4neW1u0uQYbZfSs7/iNdNpAoPEdfjgG0FpDEq28jyK0QYvtchMjnET1/noc8BCzjuI2MYZpbaRNxbYdw8wzaEnpgGZpY+SVHt5HaZBvmINI1SM0KE06/wCBwGELdQrI83btFpLBZW6gUYGhq2prTT+3AYIrRIpFaHbLICCjVd/X8vqJ/ifhrgIJZOpSOYR7lWkMIbIr03EUFa/7VwArgzm+jso3GxlMkkrg7FB/DkafaNMBM2UDII4WW2ERYswjJY55ZV8T/sMAGO0mt4hHqI3NTIDuZ2GdBqB1H3YCN3bvKS5cJIgURGNW3ED1ChPn1wBUBkmFuSiCUiq5VKpmdMlArU+HwwBnjlmmllMpR0Hb3qAu6MZZeROv92AXWSKN3hFttvWG9mZaxlVGaqSaVHTAWFtJG5ingcosmu6kbtuqDU61+zACmSKKyaR5HS3QneRIxpU/JVRn5YCXZ78SCOWaGByUj7e7KopUVGv9mAhcwSKsdutq5MVItokZc2yJYjMkjTAaktLm2t2jZS0VchDmoI0J8TTXALLaCNxIVYho/wAugZmVTqBU0H9mAo/cft605+zUW22C7tVJt6FaEVz7h61OA8WvYr61upraSKQXpYhYlRnrTIBaDQ4Bqy9qe9b+M/T8HeOshBaVoGVaeFWpgJj9t/dUUZe8W145a+sXt1DCAPHNicAaH2RwNuyy877146B6gCGyWS9ly0ptAX+OAUuo/wBruNuREZOY5mRDltENnGxPmd5pgCxe7fZtr3J7P2PbzMoChr+6muM1y0XYDgNz/uhzcrBOK4zi+Lj0VLayhLUPTdIGOAR5H3370JEZ528ialTFBJ2YwD4CPbgIcZZDmYbnkuc5OSddrLGJ5nZ2cDXOuAh7cXgxyRm5eMJbRxjtREkBmrmcsB6Zxvuj2zZgiz42BFUCr7GfJtNfHAWR/dKwgSlvwsUzItCXUKK1p0wHN877tuua4abiJLO3ghubhZ5XCgyAA7goOtMBc2P7j+7oypjijlR4xausSflooXajADQ0GA86illQMhTbH+EHXLARmMhEW1u6WFUIzow6VwAjJLJIUd1VHpuNev8AhgHEmHcEcLUjVatIcwfsGA3eW5itop1f8wmpU/iBzoPhgNWrreM80hBEYp8tQSdQMBZ2F/Ant/noAFW3gNsXY1pu7hz1wFBb8rCryRlKxFSY2rQimeRwD/Fpx/HRy8zyckK/ls/FW1ySBK4ObGgNdvgcBb/tXxXGfuD+41lw/NKJePcSXUyRyPSd4l3UzpRa9BgPt6wsrPi7SKysoVt7SFQkUcagKoGVABgGXO1SS2WAr5WHeJHyigqeuAet5VYbaYDmPe3tlOWs25G0DrytuyvHs/Hs6HXKmuA+eIrPl7KJ/wBWijk7jzdyO3JVkKPvNt5EAdyI/ZgBpsljlFrIkcrN3YLpqOQLlaA0OW2X5X/pfPAbgt1t441jZ+86uR3lNdwO2RZQvQfK/wBjYA88y2rzWAZY5StWPb3uwYAUOeZXRv6kzwBVdrWOgI7RUqmhZXQV2hqmrgZr/WuWAPBO9xEsSIZG02gsC8bZhT4I2sbao2WAmFXusoaQxTASSRRlRI/by3qaZTxjKRfxjADe2gn7sVrLHE/bIhLs7RuhNVamXp3f+BsjlgEbU3s1gicpxriYMzTsMo2kU7Syg0ISmbL0+YYCzQR3FoptrdGEb77hSme6lHYBjTIfOPxLngDS24kcKKR3CqFUbkVtqj00YfiUeqJvxDLALXdhdQRjs36uk6qlYg2yQsaj1VG0McwfwvgLJbcC0jW9rQAIaEQQs/V2KnIE5MPwtngKmGW+i5C5t7mVrmGTJIFk7aJu+VDupnu69D5HAOW13Ctw63V1MJI2CFIyiJCWFNhJGRr/AOFvI4Btoo1BuVV5oZ/y+6zKBuUZnYvyspzPgcxlgBrO7yiyhtEFtCNs6sn9f/NOWak/5ip/xDANXVurxnZardRoVLGaijyEVPxdUf8AFocAwo5GMJJbwCRFoGluWP5gP+4KBXT+n7sACa4t/X9FJvQELdKiMe4GOhzyIPQfEYCc5dEPYDQKWAkL1BAH/LqTWrfhp/PABjVrl1MEhKTktGO2S+7w3HX7PszwDAVSXgkUie3K71b1GQkVO4gdcApdXPbm+mtiO7dQNIhQMgSJfnGY1FMwTuwAJZLrs72R0gkTadg7aADIEGhJ/wBumATSO2kglFxI0cEZJkMu8x1X5QK6k+IH8MBZRwG3jW72s0bqvbGzULnRl3elh0PT4YBmB4rg/WWtt3YmUd9ZtrS7ifUlA1A2QPgdRgKu44yyPJyXUBhmlulLJG5zjRR60JOQY6mmuuuAnZRceHZoSiRT+ihdWpJSooFpur/5vjgClJILhJmuESCcbppAiyimnyVNa016/EYANte2UCtMbyN445PluDRiJASgHqAoRp/fgDy+4uNlt1a55C2iSVhsdpQERWB2gBTVqgGjfYcAlbe4eBZbmwiu4Y7ZE7ryhiiMoXcz1OrFfw9dMAKH3Xxfbka1vFNqW2pQV3KhAL5jzGXUfDAEuvc3CRpAxvmaOaQmd1VSHCNsYAUyIJFf6hgFLn3z7atLmTh0mEyLJSa6KFwRrkf92muAq5v3P9v3B3XNtdvsc1mqqllVfS9K/ZT7cBNv3V9vxo7wWjq+4LGJZBupUHc3qplqBgBwfutwX1FuLlEBcSLPePJQqJFOQCVyB+3AVMn7scZOiRzIsaxUCrG9QSGGZOpqOh64CFz+89jGdtrDHE5GoJozUILGi5GtKfbgF/8A81X7lAxiO0UUFGZR6QAAKCudcANv3buY332sUcUYrUCJjRq/hqfDAKf/AJc5XcZj+ZJqGMRqDQiuTdTngG4Pfnvbl2K8LxlzPK3p229s0lNwGlSQMxWuAtRefuxNH/qbGSxjUs3+reC1RdKVEjZUwFlbcvzpQ/qXufieMjC0lKz/AFMj5bSfylbP7cBW3vujhbJg8nuu9vYo6bYbKzKxZGpoZCNTrlgKeb9x+BD7Y7XmOQjbJUlvI7eI5U+WNDlQ+OAif3fNjA8HEe3bOyordqSZ5L2Usaf+oQAMvDAU93+7PvrkKbL5LQxn0/TRRxMAc6VArgKLnfdHvC/KjkubvLiMhSQ00hFTmBrgKh5Z3UB3Z2IAo7Fqk/HAbhsL43FGgMhUVHb9QG7xIwEry1mj7M/aK7WCNFStSDgG7y0iEChTsnNWZR+EtmcsAK0425jkE5G7KreSnAHNm11PEJUKxuSFYZ1Ua1wF0OMHYSNV2Qk1jUCgG7XccA1xXtfkb6RpHtglvIKK7U0HXM5YC6seHtbi9XjpZewtQneVTRATlU6fDAWl7wnGWE720PcvCp9a1AL5gHTAC5ewm4783jrJQrVXtyNvdQ9NorTM+OAhYSyWPIG6U9lkU91cmUl1pSngDgOOu3nMJVVIkQjuF8iPKmAhNLJCEhhILoncDagFs/tOAVmue6DvjCdSCPSCMv54DByJKrHEqiXPuAZDP8OAm8y3SuWftwovpjVjuIUZ/DAFtb20HGxWo3O/cckAkErTxwFjxKLD7V9ztMm9dlrsjIrQCXIn78Bz5jsZ7S1S3ynLHd47q6YBflO1zXL7e+kIYCNC2UaFV2gV6Co1wHqv/wAeOHu+F/dTjor2Bkme3uTvbNSDHl2yMiPMYD7SkIWIUJVvEimAWuJgIshucZbc9cBVp3G3MerHcTotOmAagnMQVZGJc5VpgD3XJ21pEklzJsSR1ijJGsj5KuXjgPKvfPtSG05CXkJNkVpyQVZZxl2Z19Ucu3/dbJvLAeT3PFNa3c0wEP1IVopbNQWhDg7p4QV0Mg/Ni89MAZd0UwuXmLK6xyC/kyorDbDMA3Rv8qXzwEY7O7M81w7w2UCKEjUoXuFMVTuIJzMddp8UNcBpYIpmtUtwzxoGMW1lI313MoJOqn8yLyqMBZq10xdjFuY+k3BkEULFhk5H/pTaN/S+A2TDbWscVxNIkMbkkgqkiyClKtme4nQ/jXAMTLcX0Rn41IY7yBhKJZll7ZrpOlKVjk0kHQ54AbWck80nfkVBGVZCgaRgQtTGhY+oqc1OjJlgNreKjo1mgM0pVdzlclGhRdPHYf8AunAMehJVZICySURJfQgkI0VRqFJ+U/gbLAVPKT31rYyNx9vPfxCXuX0BI7kcOkgWgAGfzoMxrgGLGC4lLn6SaPaoKxzVkDZZSN0qAaSDqM8A7cAFD9VPGZoyDJ+YrI5XIoKVzUa+K59MBqSwUTlLh41mI3qZHjYNRagsPxMBkf6lzwEbOYCSX624QooIlRH3FqLuUDaBWRR8vR1wGorzioI1mvbpUmUjsM8hZjuG5VWpFFYfL4aHAZJ7r4NJ4Ct7GQaBIQANryKXWozGxtGXodMBVze/PatXlu3uHaZEmuoQjqEWu0xqRkXX5kbw1wCLfun7ZFvslsrt1jaQdkduFZQp9Dkk19fXwOeAqZv3ktkmlZeKhQKpFuJLhRU7hTdQn8PzeeeAUT97Bbhnit7QXO0iNjMxC7m1yGu3I+OAXk/fC8MjbTaxCnzosjOzVyZ6UqaenAU93+8HKXAkhl5N+04SqQRslGR9ykEnWmWArbz91eRueRF/9ZMrpTsokSqqUIIoK0Jy1OAFL+6fKyk7rmd6sHzWMZh9+WtPAYAdx+5/NXLHfLMagA1ZQaq24aDpWnwwDS+/vcn05t7dGSF0WNtpoTsfuBqgag6HwwAbf3Z7piSS5t0ZbVXo0rSMVWRyXGp1JrgEW9x8t+X60Bj29tiWJBRiwpn0JOAgt/ztwzyBxGQBXI+ZHXzwG686y1Z/S1APSDmMhrXSuAyVr+GknIXbxQqNkfbCjMD0gVGmAQ+smqS3JOaihCkjAWNhYXV/F3YLqZoySAysQKjXAOD2zdsCWllI0A3NlgIN7YlMRbuNsAq1SagjPXAc/wB2xyWNJJCKhRTPXAdVwPsvk+et0nsuKuZVcnNYmqKZeFKYDoR+1fNqV38f9OOpnZEqD/xHAGH7UBUaS+5Hj7SJKmV5LhWoB5IDgKybg/214xAb/wB0G+mFPyuMtHlGfQPKUBwDvASft3c3jQ2HE8jfOiHdJcSxRKVb0miqrU+NcB2CHgIo1Ti/aNmsgFC900tw2muZAwEY7jlYJK2VtaWKnKlvaRA+OrA4DlvePvb3nxssdgOUuOxNEZHjRuwtAdKRgYDkOH5C+5zmIba63SiYNuLMztUCtasTgO9j9qhEoIQAue6g0+GAIvtZbiJ43SkTqQ1BSoPhgON5v2mnE3Iht1dbKOPfUmvq1OeAqH46VoDNECzGnboKijePwwD6cRaWkRcN9RcKu78oNQk665ZYAdzxssVsAyO3eZZHQ50I0FftwGl4ee49MsawRxMJGLKQKf44C1h9t8tdB4OAQm2lIZ1jahG0UJJwB4PZ96J/oZd29ayqrZkkDp46YDooP2zhvIRfzciJJpGygjBrWlSKtTTTAJ3/AB/EcRGv08cjzCqlp2AJXxoNK4BnjLiEiWC1sITfEBoI3XcwXU5fDPAEtp2kibbEtxHHJueGqgBj/SPEYCEF9xV3FPLLMbWURO8YbcyEjVa6g4Cm/VUsx2HcG2YVQhtoY1qPicA3a3N3LeQz2zBbiX1byCTsz3H4CmeA6K4561+lW8uLvtHKCFAtPURmeooPHAczcWVxPPtsnaUyULqoLEA1rXAc3dXE8rPKqVGh30oV/wB0daYBBrm4kYxQA1XIA5bfgPHAJXcs8QaORWruJZTka11bAKQSvLII2Uk9NppXwwFhHIIzSVCzNVfJTSlfjgCRLt/1aTb5qlRboKigy1wHofBcU1/7O5JJpjbtfS2ts6qNE7ta56nAJ8p+28PFWaXFnePNI1U7TgLm1SDUHpgOOuvbs8bx20abhJ/mkaKR1B64D1z/AOPacnx3vm2guJ2PHxxTERSUYAhD8tc1+zAfXNnew8lx8V/GT2rhA8SNkwUmmmAYckAKUqmVDplgFWiiLNGWokvzLpmehPngIsFnAgChFiIUN5+RwDItoJYgrRqwU1BYVow6ivXAVXMcRDzNnc2c6KqSxlVZlqR0Jz8cB4DzVk1hDc2t4/ajtiu25RlXu2sbUSXd/wCpAfvXAUNxNxtrMkPISxyGJjGsfdEiGeQbihBy7My+sH8LYBa69w8YLiOWGaNlvIklIVj3woPbVNCN6HIn8S4BCz5Tibaa5ijjhgMUryCVA35faoXUADM1zjbAOXPvX28syqe5KaTfUMUCoSFBP5dPllGq9GzwAR+5HtuNCJu+CBHEqOquXhcbgSekkB+VuoywHPzfuhHDJHc8fdXE10qMJDLRULK/p2JptcZyLgByfu9LE7vJaQu/dHZdgKLastWRfVl6s08MArP+9V2RDDHBarDHTuEQqWqSS20dN2VfPPACuP3wvnpst4qBV3eim+WvqbLTcMjT+eArLj94/cNzcxXbFN8W3ZGsY2VXLMHWoyNdcAG4/dn3TcW4t2uJBECCVj2xA7a0+UdAafDAVH/5E5uG2NlD6Iaq1GYk1SoGeRzBNcABv3C9wmaOdXjWaMBUkAJICrsFKnoDTAKN709wtmtyIzUEFFANQKA1+GAWk9zc7OwEl9IRlTMZEYDYvOUuF3SXcpoern+zAKXUtyGAeaRqiubN/fgESxbUkk+JOAyn8cASFdzhdR4YC0htNyaAHxOARuo+3cMldKZjADVKgmmAPDFVhQeVMA4loGmVV/qU1pnngPWuP9tRm1VmBptFWyAzwHDe5+PaC92Rki2aMNtHy7gTrTqMAv7Y4lr3lrKFlDK5atRUUAJwHp9v7NlvZ76GO2k2ERqHWNj+CmVMBdWv7c8121jhsZiRRd7LSv34Ck96fthzf0duVNtB25fUk9zFH6SNTVumA5K3/bywE9OT908VZpQb1R5Llx8BGmf34D0f2l7U9n2nGEWfIXfLRtI3cnigEEdR4CQk4Dp04v20gy4u4kpoJJwFJPkq4Ak13xnH2c8sHt3j6IjECbfMTQdQTQ4Dxy9/cb3JK4Wxj43ioFrSOxs4I6D/AIihb+OA9B9l8jz3KcDFcXnKzyySMwY9xgKVyFFoMBcHiWldnd9x1q9Wb+PjgAclwUH6Zd7lqohc126EKcB8+3dtaoIu2WoVUtUD5utKdMB6B+1VjBc33IsKvsjTOmWbYD1VOLRmGxXIHULU4BuPiHO4LC5NBqueA8t/dThriPl+NT6OQia3dU9JzO6gpl44Cn/bH29yN97ojhjs23RRvuB0BHxwHvMfs7mMwbBgoHqNRShwBJPZvLqB/o/QDRamlMB5j714m+4z3BPbXs0VsQkQWEgMTv8A4HxOA5qaT6e33XCgRMAw7VANtTp8aYDbSw2Nrau9spguke4HrBYIlV01BrgKZee+gmKJGzu6l4jKNwNT4HwwGPzS3ga5kj2sxZJjkRu6ZfZgAWvu69hkRrRzHIhqiodoCk56YC5X3P7g3ycotvIivGy/Uba7jWuXhgLXib3nYo4OWlthc7mIFoXowyru2a+rAVfJQXfJXC3MgaO1nYhwhDNEUydfLAX9slhdWdqvHm8HLxBkicKd7MxCkMQKkbD0wHQ3PtHkrJEuOBgeW8Zz/pZotpqVplu1qc8BwfIe2fc9jfQW17D9LLdtRqkbArGjbttaAHXAdif2Mub6CF5eagjjJ7lI1NAfIv8AhwCw9lXNqZYxyEU14ZY0JRxGqwE5sCem3wwHSQe2vb6Ci3lnNJBUNEytIFqNRlSpwFhx95ZQoLKK8jt7oOGMUdttYgZ03EAV+3AfONrY3V0gMjUQKO24rkAc9MBkMcqTCKYhtaGlKgZVz1rgCXXFXN1OJJIyPSRQH8WgwDHHe2p7eYR3Y2CSo3D1BfOvTAXk3EwM53KASAkR0JbofjgMteBW2iqFHcKEqop11+7AdBwNn9TZzWImURS9orPISqqUatfLPAIz3EqM8Mp3wksCSTQOCRUHzwCEDgssLKG9W8ljQ1pWgr5YD0L9oUj/AOtbaMr+dscRAGiM7KcnOtADgPpWysr+y421sFhRhbDYkhfMitfDAWRfkEWiRrSuhb/DAQf6uZVikhUvruBAA61+OAist2AIxZNsGpJH3654DfevKuqwvsFKksMz4DAQNzyZJC2OR1JdRgPmb3oxm5m4t7uxube3hnkHdYCSLa5zqV3ZYDzv3Pw99x9lynuDiOWX6FIg8dogVpEkUhaliNKYDyZ/cfPPQ/Xyimm0hafdgFpOW5ZyS17MSdTvOeAXa6u5CS08jMepcn+3ADMjGm4sT1qTgCxxuUW4WpVDRvKumAav4Wkn2xiu1QSRoABgElUkmlSMBlPWB1wFpbWhdwAKk5DzwFm3FyFSApLLStPPAUPIw9q5ZDqAKYBQLpgN7SPLAFt4y0yL0J1OmA6C0tgRkQQD95wFfzUfbnSi09GY+3AVWwkeGA0egJyGAa45O5dhBnUHIdcB2nG8JyN3H/prGe4HUxxO38QDgFLv2D7xub+TscFd7CQAzxmNdPF6YBo/tX7ut4xLfpZWMf8A/c31tGR9m8nAMWXsm1RgL/3LxNoa/Ksr3B//AISEfxwF/H7b9gWMyGX3Hc8jdb0qljZlY61FPVKwqPOmA9lt+M4doljXjLq4joGUbwu4gf7q4Dzv35yfDWlxBZWns2OW6o0z/UyyuF3mgIVSvhgFf2/9zchd+5bPi7PhONspG3KvbtQZAaGgDOWOA9kj4X3pyV9eQSzyxpbmJo0RljQbl8FpgCSezueTYs8rVZgdzSNX7aHAee/u57T5Gw4/j4pBVZpwTKKlUqNWbAeXN7SljljM12NsqkgxgkCh88B71+0vs6K69qd03EiiKeRAxUbZOoIz0wHo1v7DsDErPO5DAE0oBngE+Y9icXJaTJDKyO0EuzfQgkDQYD5qtvZRuYd0fHXRlSSklFbQVrTLAe8/tx7a4Ow9rW8V/byRXAdy0DEhlUnLdXrgOsueL9rRKitEVZmHqNa0J1ywBbzhvb03G3q2kSF+zKilqsFJQitD4HAfLc3DWEFncVFu9wilWp8wIIzz6HAen/sLaWyTcrPNCip20jSJVDVO6tfswHucUVko3x26gDKoQA4AcUsTXc2xPSAoIAAwHmX7q+2ea9x8rxV5xKfk2qtHIkjbdpL1qKDwGAT9gft7zXAe5v1i6ZWtSZG7aMQ1ZKihGhGA9h+oZaVUAEgUrU+WABPcZAtRR3AKHQ54D5j/AHbv+Nk/cO9jubhjKkMcbUAOxdtRt8cB53eQxqjhxKFTYwIqRtPykga564Bqzto5VSCfLvIPnbaF8ddBgH5PbT3cEN8YY2tJAqRR98dzYh9RcA1UN0wHQ8X+1Vq1jd8z+sWycVGzGGBz6mcCuyupqcgcAf27+1NryVnFyHN3z8dZvbmUkRhGDbzSNa1qPxVwHdcN7H9pcXbJDDf3FzbTjtzRzmgbrUKFOeeuAspfant6DlLNoLRfo49zkys7SNtGgFcgMBfWdt7fWci0t7aO3YVXbbhix6hia+rAUvIW/tdOetOQku5Vuov8hI/yl7gIFSgGnjgLm95lSxYTRKVJq0YZgD1pXQ4CivbvjZlM8EwF6pIJKhmAJzYE1wCxu7YBvTLdXVQd853Jt/4RTLAVEsrXNwbmcwqy5JEsShQta0IFcAeWSSch3jWJDShoEUkaVpTADZhKe8zdyQeAzU6YDy2OC3s7cGPItQCmegzOAWe2iurpN8RZ0AeOgoCx0+AwFhbmDsbJKLIxoVBrmpyGfTAMzTWilQ5B2fOa7VqR4aYBO8fvyd0yfkpQ7aVLEeHgKYA5nh2KwWq0yVcjUjIVwG4pHSFgpKRkhlPjnngAXNoblpbdQXDMAg+UU6/bgIWvE3cP5NzB6wfRI5G4A5jPxpgPSP2lWOL35YMoGjpQGoqEOA+nlc5EaJlt8cBMy7FdjQtIaRrnrgJIKDcfnNKsMAOSakiopO5zRRrTzwElDVNSCB0GpPngIOTuLHINkVwHjvOWwF/fOBUB2JHh8a+OA82/cLhOOm9m81dtAn1SWzNHIo2moocyNcB8okUAypgB1r/PAZ54CSDcwFaf44Cy41JYbkwyfIQQ6ahh5YAsxdI5vXVHoCVyYjwOAVji3VbQDIE+OAGyBZgNakYDqrW1/OCpRN6gg+BPhgOifi5WhaFdzSKodjma5aCmA47k+C5iW9/I466lqoNUhkYfwXARh9le77n/ACOEvDXQmFlH3tTAWDftt7ogjWTkPouPUioW7vbeJ/8Aw7ycASy9k2puoUvvdPEWp3DcBLJNTP8A/VxkH78B1g9te1bKit7jW6z9X0ts7D72K6YCt5q1/bSzuY3vp+YvZChIihSC3U0P9TFiPuwFFLzXsWFm+h9ryyrSi/W30jCvmIlTAEX3vw9tHss/ZnEI/wD6s4nuG/8APJT+GANwfvjmn5NUsbbjrFnBp9PZQKa9BVlJwHrslv76njSz5Hn5rdSAZIIAIhHuFQCIwvjgPGffCX9n7ju7Oe/uLxYioWWSRiTuWvU4DnkjL0LEn4mp/jgLnjrXftAGdcB6z+03tD9e9xx3E0Ik4+wPeuC3ysUoFX7TgPpgzT2qOE2BY1LBdoBprQUwHKc37CtPdN7Z8tyVx2pUhVFjhUgMld1Ca654Bjif2z9v8Hfx8xYIVvYHLJIatmRQ5E4DpuMMr8ryUrMR6YB0A+Q6YA/IKxubdS7irAnbrSuuA4n94N6e0w5cuguYxRsxQ11wHgUrKqW35YUEOoUjTPAfRH7XQj/o6MhQqlmYKMgKgZYDuEH5Sig0ypgNBEdgZACNpGeYpgBx21qpyijArSoArgNTQxdt4/TGUO5SANfDAU7vHdnbuCxhwCQdGBpt+zAR5a1tLbj725jYqY4ZC7RtnkpzOA+WLmedJ79Gifa8aqlc91dpqMB6t+xEsST8gjt2zsDFG/prStcB7X+oWBJi7tHApUVyrpgI211b96Vy4y21f7P44Df6lZmpqXQHTPrpgNHlLJCdxKlQSKilfhgEpPcXEqRG86JIdVZgDgELv3jwwaOFJ43l3FkUMKHaKkYD5j/cm4uLr3ne8lPYGB73a8Tg1QxKoAZG61wFCbhizG6CJFIEjSf1Hp8p6CmARnmlZZEZ2jePcnbXMFF/HU+OmAU4rkry2Aa6bfZuTQbhrrp1wFrb+7+Q4q/S6WNPptygJN+ZtNK1C6YD1b2f7xTl+Pn7rO0r03xvRgzr/RmAv24Dq7We5uEhvCsTW4BVN1x+YCo0IQ554Bh5bB4Csk7mYepYlZhsJ1BZjU4BSO5oZIIWajgqyLuYCg0rUCvngAzS3EgUyyqAAO2SavRR5YCBVl3qC5d6GmhoeuAYh45ncbVIIIBqudPE1wEriC2ikCks0gJDLWoPwppgJxW0Z3IiVkXVeprgISx20YZK786hR6qeVdMA3GtqkUcl04hBI2xwgM5yyJOmA8StVL/UlFEnbQZCtQRkcBguJm3bRtMtAki9Ao0wDFqybhmry5JuIyz64DJbLulkWVSTVihIBqNCPswEra0YxgMQwHpLg1fxFB4YBu5te2rxIoAAqGTopwA4o5YUAoXiUBQOlDU1wAJ5YLe2V/V9Ru3R7jQ7B1+zASg5COaWN42JcEqzmtcxqQcB3f7WyRL7+4iBBtYtIwJyqdh1GA+pAUC10ArgMQVrLWn9I8AcAQ0UUJy1wAKPv3H5jnl0XwwBGFQBmpOtMssALJgUbStVz1NOuA8w5eCV+Ruk6iRi51qMBx/vPjbi59p81BDCZHazlEEaqWLHbUAU64D5CX2n7pkC7eGvDu0JgkAJ+0YB23/bv3ncNtHESQ9S1w8cCgeZkYYCf/QHJwsy33I8VabR6jJfwNTypGWOAmPZvHRRGW5918RG3/po80zf+SM4CxsOI9nfTqt37rrcIa/6eylfLwDMVrgCXa/tpBB2Re8vfuxqZFhgt1anShLEVwErbmf27iBRvb99dKtAglvVUV8+3GMBW3fuX20t7vtPadsFBUbbi5uJRkfAMuA9S4vlOZnhWXhPbvF2sJoouBbh2DgDINMW0rgHZp/3IYPH3RbkgbezHCnqU1LAqv2YDzn317n9+cdyKWPIc1eLviVxHHMyrtJP9FBgOFueV5O9obi7uJc8zJK7fzOAVCsTVvVXxNT/ABwBoNz3EApQBlp9+A+h/b3sSxh42yuL6AyXN3F386jajE7cvhgPPv3isYOP5Hi47WMJG9uxNBTMP49cB5m2864DYjatdRgPRP2U4SDmP3B46C7UNbQpJcSIaEN2lqBT44D6Uv8AjJbznbyKAKGZgWrlUAa4D5l/dqJrP33yEVKEpEHp1qgrgOShBahVGPwB/swHUcDDJNUpFKXjqfkJB/hgPqP9muIew9ph5gIpr+VpaGgcBPEHAdPNz3HzRXXb3s6KyPRTWoFMAa05+BhFEsT0jgBLOKDdllgNRcrN2O4Ye2WYjI1oKnM+GAS4vnZI7/kpZ4tqSSqkVSAWSJANwHUEnAOTe4bZpo7gui5hdpqGBrgOa9/Sn3LwS8ZbyKSZ0lkCHbktfHzwHnDex5pkSJo2btAgNvBAZj99MB6V7Oll9t+3pOOu5yJWdihUgjYaADPwwDt/7xtrOGKEXcSXTCkSXEojBIyypmRgAR+9LW3lZeUvYDuXciRyfKKZ1NcAab3xwUVolxLOsVo3+XM0gCM1NN1aV8sBTv8Aub7SdQTfw9x8tiPvkFMjUCuuAW5D337fs7UXskiR2M7gfUICw7qZ0prXxwFbP+7vta8intIbjumZGjeJY2BZCKEg064DmuQ5f2XBZQ8tcwOIHYWoCPvlDINGSu6lOtMAPif3K9me3boycLBcrLPRZHMRzRTUUq3XAdJc/vHaBHnUNvC7zGaLIV8FANCcBTQ/vnCWMU3HXRR9HFBlpmKnATk/d2RavHbyssdCkC/NIPAtSgwFdcfvJ7gkl2QcMVjcU/MbcRX4DAak/cvkGt5THxSvfFQY2IDJvJ6mgIAwHPcp+5nuy37ck/G2kFDUOqesVFCR0wFDyH7pX3KK9m9uk14dqwzyRKyJn6qrQmlPDAUX6heyQXK8lY/UPJN3CkVUAp12DpgDTIkSwbDVnVtvcJBVHzqFXqPPAVT3nFWzPa9t3tWq6sxqyucq08/DAJLLx/bmG9kBA7KvVyPH4E4D0/8Abj2px17ZfVXc04kklWSFYFfthR+GRq0z8MB67HZS5rbIROBUGP00Ua+kYAstm4hErJvcf5kagE+RywG/pJ7hYBcgRtK1IokoN5AzzGg8cBOLj47e2a5mpAgYRhTWp3f1HovngMsbq2VWFvGbucEiOmSAA6nqR4YA00txdkLK+5wDUCipXzoemAVMZWVInIaaQbqKSFy6YA4tGuHZ5AzoMikXpUEf1NrTAauLmxsYu5cBVZUJEYYadcsBTn3DYzyBpri3tYkpRSwLsuZ/lgPKrh7i0g9cgRnAC5gMQ2lcApAxV41UM3cJXTOnU4B8WlwtHELhSdoOefwwB+O9v313di4NrNKJAaqEYlUrrp44C9bgeaEha34+ftxjaxMZBJ6ADrgCtw3udnG3jJEnCdQoX1a1qcAP/pv3MWXfbiOMfPJJNEqnw1bXALSex+Xupt91d2cYoqoTcJpX1LlXQYA03tOC1mV05WwUBvWFkZiyjXMLr5YDrf26srW1968XdfrFvdXMLPtiRXV3BU5VYBRQeOA+ioL970K0MYMKk0JkUjcOuXTANyNyAqUhjIp1fKn3YALXN13oY5ESMSEiOlTmBXANdq4B2vKC/wDUopgItBO4p9SysScwBlgAi0LFi1xIzV1qAcvswHDcy0kfKzxoWYbiACRWpHiMBy3uNZ39v8s6TSQzpZztFKrEFGWMkEU64D4nuOb5u5JNzyd1LXXfNI38zgEmM0pO+R3J/qYn+ZwERAT0+3AN2VqrTbZR+W6kV86YA8VuIUmSZfT80Z0064Df06yOvcP4MiuQO3Aeie7+O9t3Ptz2W3t+2EXuNrBl5iCGMhpGEhCOwFfUR/DAUdp+2HuG+eO4unisonZP87eWzP8ASqk4D6n5D2gnAe3eFtLZoGt4VpLIZEUlmUFic8qnAU9jaz8ihbjZ4ZbRAympO0MrEbd3jXAeFfvfx11a+47AXJRi1mChiO4FQ5GvxwHm0dldS5RwSOD/AEqx/swD9v7a5y4oYeNuXU5AiF/7sB0ntz9uPdV3y/HLdcNdR2LTxd+YxEKse4bm+wYD7Eb2/DI2+ymj7EESRRqQdE6Vp4DAeCfu/wC05uS5K2kngubeC1SRXeG3edDuNfSQaYDyxPbPDUp3eTJFNyC0UH+L4Aye1+O3HZZ8pJHrWkKEgeVTgOu9iSWXsvm156w4bkLi7WN4Y1mki20kFCSFGuA7aT94vd8V5Nfr7atFgRTuWRnd2roWK0+4YDuin7act7dtPdvuA8Vbe476Pc8Mjb6sugNQxX7cB51L+6Hs6ymeK19uV2OylogiowGQKnbocAST95rKLctj7eYE/wCWXKrp40wA5f3u5MqFs+Cjik6M7Ej45YAcf7ue4Llv9RxUCoR8q1DN40IwFfyv7m+40QNxUHYtkAq07kkMNa50pgEk97+9bu2lkguIHUnc0q1Y1ArTWgpgEV98e4oLf9UuiZ1Q9uhbYrjyIzzwGcFF+6HvAXF3xt3JDZK9TI5AiQk1VQxGZGAhcw+++Jvlt+U5OYXaHcAWqjCtaimoOAZu29z8tcyyycpNCkrbhb27skSkD8IrgIQ+1+aZjK99PIDmBJI5zHhngHbv21f8sltFyE5mFoCLclQpCtmasMz9uAXg9ixxyiXcxY5VZiRTzrgLJ/bTy2/0c8zvZBu6Lct+WJNN23SuAhF7O4+A7ljAkGTOpNfvGAdj9owOPzYtyg7s2JXPrTxwDH/RlmAzrCgbqRkaHwwCEntBBKCqLRczTPPzJwDVt7XtptYVJHzHpgD/APSduqemMa1DajAZ/wBN26KdAQTWtP44Ax4mKOJGZApUULtkK4AEHHxGdWWjuGBpkf5YC2/SoWIkRArCpZaZZfDAcL7r9mcjyG64h7htic0AYhXbr5A9cBUcF7esuHmX666e05No2eSGRFCbDkrb2+UkdMAHmrMQyoe4DHIncinDUVqnoTTcBgKq4aKzi+stZRLPKoEbn0oQTRgAfPActI6xhq7TKzhmIqWAzyFciMAzDLBc3sUMMLNDVaxkDcT18cq4D6Y9oc5aC2hS546PjGtVVREm1o5wooHNKZ4C+tIBNcKbG9eB3YsYlAkGtaNnUjAUfuSw9yNy10d0EoKgM8QlQFCMqBRQeeAp7H3I/t7vW/NXsbxwkNBZGJzIWOpDNoPPAJXv7jfqjkzwS/TqPywpCLn5YCvT3ehgK29iQ4qKmUg56VpgAn3begiJGSIjNwKsSR9uAH/1z7gRWW3kO86yIorQ9M9PLAQk95c9LEWPJTKWGaKAKAeY64Dl7u/vZ7iaS4uXYyklg1anz1ywA0E86jYe440qK6YDrJfel+H7n0VgBHTtE2iNtNMiK10wEk95+5g3fN3BFu9IEcESsWboKLlgHx7q91SqIJuRpdO3bjjVUCqtKs2nTAWic97gik2ycnIyFAHdCaZZHIYBaW75iY7muZHjDExMrsCCc86nALSzObH6m5EneAJkkeRt2Xjn44Cst0e4jSeWPev/ACULHQnM18R0wFl37OE0kcs4JBFcq9NcBGGO0eu0HuEgkg5Ejy8MBZpfGFhDDHGh/HImqg9K+JwHRcTzt1bEfTXUkSKKbQ+1cvjgOkg/dnl4HFqk63lKK0dN7UGVARgOusv3NF5JbtdWPYEWdN1ScqadMB11p7y4K+KjvduQjRx1+OAt1u7KZN8dwrIM6hgcBJXjCsQ+7PLQa4Dh+VsxJyd1OzVHQHxpgOF91+5OD43jry1u5ws09vJEyKrOw7iFakKCQBXAfJsHtC2ubr6debs3kJptj7jNr4bcB3fH/snayok15zGxSA21IiDn4b6YC+l/aj2NxvHyX0rXvINbje0a7YtyA+raBU5DAWVl7I9tXvt1hw9paF5XNzx18js8qKNEcPq3QrgPGOb/AFDir65E9sqTN6SpQBag9FzAwFG1xKLZZZCrHcStD6gx8sBacf7ji47krPlWvLqdwVN4o2q/o/CrV0ywHo//AOY/Zzt3ZLDkHan/ADHDCvX8WeAVk/dTh7y5X6Xj7k2SkObeiAluvqYtlgL3if3L46eRLZ+GksbMq7d1piwDqPSNiKPmOWAs+L9zxc3Mi33G2UTx/wCXLLG05ArWgLYD1Lhvc/AW0A+psLeOQ5GW3t1CkAUzFMB1/G3nE8go/TjESy/KAA1NaUwFhCzCVoSAFWmVBTPASlCrVCBu6gUpngINbxyBkZQQuTAj+GeA5TlPaHt/kXdri3jSc6yRgK1fOmRwCVj+23AxsS++eP8Ap0K18xgGU9n+0YZu19KgYaEsdTpXAWEvsX27IhH6ela1NC1CT4554Cluv2/9pGQn9LjJPzA1P2YDnOX/AGl9vXjGWxRrGVhlGvrQnpkcxgOWuf2l5eD1RiKeInLa21vuOArp/aF1Yvtu7V4x/Uy5ffgCQcTbx7wYASwADa7c9RgPIv3FvJZOdl4qEFLOzAURrkGkIqWPjgBexbiax9wWto25be7bszwNodwyND1rgPc+H/bG792XkSXiG24K2bfNLto0j9EjHl44D0v3Lc2XszhuN4XiLaGAuxJhYDKNB1pqxwHmvubmbf3HEsUywR3MDHsNEtHB6qSP7cBxsHuLgLaUQXVztmRu20dGNGrTw1wHTcBznA8zcjibO7jN3UhVmrHU9QGOWA9CtvY3JzRhx2tjAFTvBG37MBq99kXlnYTXt1LDFFbxtLKNahRn9uA4ROV45UQpaznuf5IYKCetdcsB6D7W9px85xlvybN2bacFtgAZhQkEV01GAuf/AMf2+7ctw3bzqAgywHK+8+A5ngprU8PayXlo6M11K0ZIi2kalfLAeN2nOfujzfPchwXDcYs1xYSMZ4kgq0cVaBmqeowHpnKe3PdXGWHEXHGwvcST2S3XLXToERJWJJUKSKUXAen8R7W4a742zme0BmmhRmNTQswqTTAc/wDujwvGe3v2+5rk+Oi7HKCNBDOvzI29RUV0yOuA+bH4T6+z426ur66nuL1WectKxGRAAAwHsH7Ae1uKi5Dm7+aEzTWsIWEzkuq73oSAcq0wHuKpxluWZoYlLHpGNfu64AU7kEIkKRo52ldo/tHhgPk/3tLx6+5uatLqZo7e3vZY2kUbnK1qKjU0wFDPcR8lPaQl47e2tI6lGBYzFyQgFcl+GAoL42t4HM9wkaqQJo1AUB1NCFp0oMBTbraFvpYZO/MhBtpzQRhWzIIIrXAXPtvi7y6lk5yzVnjs27jybch26FvgMB0b++LuW43d1ljcEbaAAH7vPAd7+yd5Ffe6bmOSRnkjtnYhia6jAeyclEi3M2yUjcql0U5Go1IwHgX7oRWy+6dscm5I4Y95+YZ51OA49+0D6bohD1A+4UwGg0zKCHYquYby6YDIzLQuFC7qVJNST5YAwmkdQCNqVz2tmSPGuAnBFI8YEUMj1r6gKkV8hgLOL2zzN6oK2LMaEqzrtAp1qaVwHQcf+3vIT7BeNHaLIAd6mp20zJAwHnbzzOGcH1KBUnSuAsILd+0ssysM9y55E9DTpgLIf6d2mkNJXFGataDWlPPAWdnK8kUc3d/KkX/MrkKaZYCUpVGA+pejHdTppSuABPyFFED1e3XP1mm4jqfEDALnkGYBI6ha0CoKAD44CaSROwL1abU7s6bfE4DJL9o2CoO2XBCjz8R8MBYWK3U6r2j2iDR3mBzPjlnngLO34xDvS+utzr6lGkZrrkPDAPLPY2z9m1U7FUAbV2VbrgGoOR1Eb7BHkwOVD9uA3Hz11GdiOxYZnxwFjHzMrxjfO0eeZqQxI/hgLm098cjabRaytI/QyEnaMAG79z8/eO04vuyshLOdoGegwHO8pLzDiW4sO2/IyAA3T02MAcwwOZrgEJH42z33l01rY8lKCZJ0iWok8Q1KmnlgNWfuhLhXlD97YdolZDGrDrt3ZkeeAU5L37xtjES8qjcCtEoxqdfswHmn/W62V/I/tiV4Yp9zTwynerOc6hcgPswHM3/NXfMTSTci5e4zBplmNMhgEZnMNr2ZI6StRgaf7UwCa28bSKqmu7QDM4A88AebYoFFAHpFBgO99he1brlXuZobNp44FUs4yCltMz44D0Sz/b7n3b0WiRUz9bj+WA6bjv299zKQgWFNtCRvFfvwFp+g3vGMX5K7s7MKDlcTRx7jT8AJocABefsOJuIQOcszcP6IRDOkj1bpSOprgOv9ue6JpZgnK8xx7uxESQl9stQch5n44DtJH3RM0JEgLAenMGhzzwDIiZ7bcDRlDPlmSQMq4D5Xj/eb9yOS5C94+wXjrZYmkzMG4kIxAzYnPAU9x+8X7rLLNbnnbazEJzEVvEtRlpkcB3/7J+5/cvvH3FyUfufmpL8Wtk88EG2NIi4cLU7RXKuA9/SdTtiDBG2hqk4Cn948lccH7dv+atoo5Z7KPuIjk7Wz8sB89+4/3r94w2MFzYpaWncLk0j7lNorQFjgLr9pvdfvX9wOVsIuU5lRZO++7gihjjdkWpK11FaZ4BaX3l7on9x3Nib2tnFdvCtoUV17YfaBpngPaofbXEOoMllGdyq2Q/GQK4D5F/eqzgsf3N5qK0TtpH22RV0Vu0pwHU//ABr9u2XL+8pOW5JBdPa280kKSDeO7QAOa9RXLAfQ/wC4nunkfZD8Tb8NbROlxEZXWVNyqd1OlPHAB5T2JYe9LHiOc5a8ngv71GmkhhNEDHou7MUpgErX9kPbkU0j3M0zwswcESbSG61pgPnn92+AsPb/AO4M3FcSGSwXsFdx3NudQWNcBznsRFl94cfEST+cwofAA4D679tc5BZRrZ8k+63T0xygZqB0PjgL/wBy/RXPtjkiu2WCS2k29Vb0mlMB81y3UQayiBFADXOg9I0GA+ifYEkkftfhyVoghaqhaCjOSPjgL2WeaAPLJKqR0rIzAUywHmPv794eM9sXTcTPI94ORt2UCMUCFvSC1RoMB80+2f3L9z+2feHK8/x14i3XJyGO7ldQVaISA5A6ZCmA9x/cz92J+NTgOC4eaOa35Cyt7m8kUd0hpAV2h6+BzwHqnF+5+CsuOsraa5KyCGNE9JoSFANMBx/72+5OKm9gcpYRTB7h+2gVBUVLg5n7MB4FxSq1rxjK24tbNuINdpD6eWA9i/ZFmhu+XADMHtRUHxEmA9hjLJaSTSwqSiNIVI6qKgYBBbkSiJ5GCTuAxi1+OZwHz/8Aux79u/Z1xxzcFaWMkvKfVXN1NcWsU+5lnMaklwTkFwCk/Kz+6f234H3VzK231cN9yBf6a2jhVlt4KoCqADU4Dy2RuL5Lj4+XuYmWJGWO5giUEF1zWjf73XAWvCezrblL+1guj9M8sT3M6olAqEZBMvDxwHfcpwXFe0PaycVxMrzJcJLJNJKwqGloBlQfdgPMP0GX9GvL6VWD2zRsCpy7bttNV1zypgO+/YcmP3pedtDT6OQEnwqNMB6v7s5ezt7qbf6rg7aRrVSdo0JHTAeD+8L245do7wzNFNNL2eytAFVB16nPxwHORe3by7laKz7j3hyityatI3TaPswFTb3d3DMRPK+2IlXjJ/EuVD9uAaHOX9GIYVrVcgQB4DAW/E+8prGVHeztpCBRi0QYkfb1wHqvtv3slxDLNytklowTdZRW0YG/PNW+zQ4C8/63s3MbSWbpG2clGFdvQLXrgOvtVtbrjo+XYGKwdd0UrkUppngPlhVYv3AxJY+pToSRgLiJJZCPUN4UBR4H4YCyivLmwuoeUU7pYl29pkVwwAp6g2RwFxac1w99bhL/AIK3W5IajWTvbV88iV6+GArbheNE8SRm+he5DLbmUxzx+kfLUbTgKS9trzjEF1cMLmGT5Klo5GqaZBsv44AA5QLIkD7rdpDRRKNqFh03HLAXdpazXTANOpFASsBqSPNtcBY29nZWdWeUCUnqQT8PHAM/rNtbEJFulYEKVVTWp8fLAAnhtbu5FzLFIXUDth2YISDUHaMiRgHo5p5pB3Ayr8oZfSgpgHaRhAZJAXFSoArmOpwEBdKV1/MYUJyFPMYBhWTYgpmBuzOtfvwDUBcfMoLVAVBoBgNz3Zh3LMyDpSumARuubhihZ5plSIGvcc7FoPCuA4fmv3I4a39NnAt3PH8sjr6a+QP88BQ83zXNcl7StOchLQiW5uYZ3XJREm3aPDVsBwUM8klwkkjF2HiakjAWSRwLKsqoFNK5nIV6YAVz+WGcAUaoHjl/bgAiV7sATuS4Az19I8fhgCpbrbyKwYsWB201BwBrQKtwFnNEJ3OTmQP78B9K/tX7g9j2vtBuC+tEPuG/lNzcrOhjG1DtRVY5GgzwHpPHlXHeiZXQay7gQaeFOmAlzNx2eKvphIwKW0pDLru2EgnwpgPjLlJbm8hinupnnkLtnK5fpXqcB6F+xPHWd7784KO8t4W7dwHhdhV6gMRQdaHxwFvcW0cH7hcjC1Kw30zbm19L1zwH0p7UhYe34WU+uSsgyrkdMA0k1yDNQlkCMtB0oDgPiXh7ns81yBcipabXPPecBVXVuJ727alWJ6aV2g4D1j/4+R/Te6+YUggni5wtOrCQaYD6UgZ5HEQUMQqk7utRoMBR/uLIw9k87AFJLWzbV65EZYD4+9y3ED+37fuVE/cZYtuYzArgPVP/AIu3XHTcwtibdpORidnWfbRUjZTqfHAJ2bB/3BuF27IzyDrvPlIcB9TpJbxAKPUQFpTxwHxn+/VnKPfvMcwEK2dxJHFESKAsIhWmA7L/AOK25ufugfkFpN06krgPXf3sKrf8KC9N1uRn09YIwHZ2rsvtzhyaF+wMjkK+IJ0wCw5Wd5JI2j2IB638MB8nfvLNC/7kXcquzODD6QfTlGKUwHH+x5JF92WTRxu0ncaqpmRUHP7MB71bT8m0gQwzChr6moSDgLDlOf5jjPbXJMsR7KxOOxMaDMU9NOueA85tbXkeVgtr+1tpXSjLtZQtKgafbgPoz9u7119o2cd/NGtzBuRkYhStDkCPLAPcryVtdJJYzKHiYZsDSnwwHkX7geyIfcF1x19x4SRYR2ppZmArU1p1y88BxVt/8eJHlkuuU5mCKJ5CVih21Ck11J6DAdL7g/bbhJbvjbo8jDapZW8ds+4mUuIsgwVBllgPT+PvvYS2dva95ZpYUCbyjn1gZkEjLAch+7ye2bz9veQk4+Md+N4tkqqUz3gGvjXAeM+2+OWxsI7qU1jumEKKM6bSCak6ZYD179uORsuHt7pLdVee6od6kVooJIp8MB1J/cNpGuLaO2EtuyESPuNFUjaS1NKYCoT3LxlrytmV9V9NL2reNpMgpFS1DrXTAeQfuX+4V1w3uA8da8dx9wLdpChvrZLhoe4xYxpXILU1pgCX3ub/AKi/bjiXuHhXkTJyUdzbWsawRR7Y12UjSgBauvXAcX7FtxfS3lryEu21hj7zFAAFWP5ulK6AVwHd+3ZeSmvuR56KDuiytT3e4dkY+pKiMA9QF1wFZznLo/AQw3k3d5SaRyP9wMfSB/u5dcBV8VzVp+l30U5qLhVj300aNgRUfywHWftpyENrzF2tvPHDcvayBWHrDM1PSAeuAPe33NXfI39yNv0x2xASeosUoMvDAU1vwLcvIklFW7ed0VSaIFRNzNgOl9qewuRg9x2HIF1NtBJvLlvUwIOg64Cruv2PvJbiaSPkRskdmU9sN8xJ6HpgIn9n7W4O2O7t43tlSGXexj3yKPU1D44AEv7f8Zxwaa4jRprYFh9NIJCxBppXrgKtrrl7Yg2nD3c0GhLKdAelBlgHEuOSe8IazKQq1fzSF3ZZAVwHVy87NyNrb2F6y29rax7Htoq9tlBqBXSuA8ZkuEf6dFBiZW2ykZgjUE4C2guo7icWlm47y7QZOjHU54CzPcuNiz3GYOwooHw+3wwDFtGOP/OV949QdZQFC1FKZ9cBW3N3yTC0aSIAIz/T+g/iqDp8MBYTe55HCQz8etx2EokDEEIGAGZPjgD8Bd8UkXLXfK2xa9WZJLOE9uS3ijZaONjAg1HhgNLfeybm5JurKS0soDtjm41+xIra7mViQwP9OAy7bgYhaXfA8m1zbXE6RSW93GYpEVtWMgqMBcXHGTQl5aA2r0KzJ6o3/wC8uRy8cAGzuxaSGV0E7AERhxuQV0IXTAEm5O8v2Rp6bYgVUCi0U+QGWAiC9QAwGmZHjgLG3tAsfeLqiVJJrVmPkPPAHiV1ct29ikCjeX26YCt5T3Rw/Dh3vL0dxR/lx0d2I6ZaYDzzlP3OaTeOPtQJGyE0nqYD4aYDjrvn+R5KX/WStIKEKo6A4CmIJZupqTU4D0K4kvYv2esovVFA3KTiVGWm5WRGUgnpUdMBwVrUzA+OWAtWCSrVcitAx/4cBN5kmUkLWpptIz/2OAq0Pbeqr6idpB61wDRkWJRVasPTn0bAOcPa/qNxIWnjieFGlrKaF9g+VfFvAYC8sM7+1qGqm8jyIplgPVOE5PkOPciG5eF2UbkFSPLLSmALB+8d/fcF7htuRso1nto3tiymjsHUqG8MsB4bd3Qe0hjBpIsmYPht/vwHq/8A8ey0v7hcMST24pCu8ZncUagHlgHeVJm/cLlrhGGV86hPxNuamXTAfUXB7YuOtoFIDpEoC6ZkYAClpROoQhlWStPGhOA+E7aGd+au1V9jNJKST09RwDMv/u5g6V9TbiG2iojXAeu/sEiv7p5TauwJx9xvapbWQYD6R4xSF77JVWAETdSPHAL+8LGS/wDbPKw2sRlu3t3EMagFmemQHmTgPkDl/wBrfe/IWllbRcTNBIrM8rSrsUbgAKa4D039jf275/2DzsvO8rbtdQtC0LwQghlZtG9VAcBbe3/2d5e79zXHOXV7Fb2xuWm7RYyT0ZiwG0aYD2e+suL42Hv314LZEX0vIwjWqCupwHzB+/sKcvbJy3DcivKcVbyvJcPFQdgOAkauuubBqN1wDP8A8WQRzPLTNlDbWUkjgZkgkYD6KveA9t+97bjb7l3eV4IzGiNVAQx0JGfTAJe6w3AR2FnboDaxLsQK3yoDQa1rgEEvAjF1QjeKlh/CtTlgPmD9wuQjh9/8lLc20byI6EpLTM7RQVXAGtfd3LwR/VW3GWlsiED6lIgemQLYAafujySS0N7Cm4mhCVz8DWuAZu+e90880HHJcNfRTMrw26gAllFelK4D0nibyPjLazXlpjFbukZksjVXhmioxZSoqwIPq8MAzfe45/1Ge3mdbJEiuZIzEyOyGAihevUg7tNMBX+3efVIvpL6+kflFYtKkz5NXMFT1FOmA6B7m1nCqWA3sBuzCitAMvtwE+WA9n8hNxl8qcs00cTxSwK1IfqSQm7d1qK5dMBxnuKf3FLx7ycaJXlSbuPCIlygUDbQgjImtRgKme+92cPzdo/F8ZcvG6K97bzQgxGRqVNQSFr8cB1fup+X9ycFDwlvxSwpySRy3Fw8qqsDq9ShBIrkOmA5L3FwMHtXibDjTdi7eR5Zz2ytd20AZVyA8TgPNG5G+sLpZLW8MUwDAbSQCrD1fGuA7niPePDHjzxzchOgu3ja6fZmyr6pBqMidMBRtzfH8Z7oh5SZJ5xbzSTxWYK//uxUk0GeYwFJdzci/IPys9tByl3NK17OJ4+4RlmGAPyiunlgKq2vCeQsre1JULKJJe7QQByw3AAappWuA9O4hYYORvN8lrbCaVmlktoQVAb/AJSoxpt/FgLGz9zLxPB8vZ2kiNeX7gXHdUeuJTtoq6KMB5Hyt+1tLLKkamKKaiBs1OWmfTACi5CSOYTsg7cu0lT6V89vQU/hgOh4z3HNw6xyR0kmL/kyMoUtCcxVhmD0OA0feF8l0/fq7O1aRHcoYjKhGuA63hLzlpeDW+hhH1S3DMSx0jZdp6immA6P2v705y45u1t70Wtvb1ZSVO4ii5Zk4BBue5u6uGW55CS2tw0lSlB6AxzFPHAQlvuKRo+7fSBwdkncPrdKV3gZ9cBZ8LzfFC8eLaqAMkglY7gI1IBLE5YD08c5xC2paO8t1cL6WjdVBJ8vHAF4OLj7rh7ZJ0SYshH5qK4qWJ654Ba84HgH5Wxt/o4lgnEveEIMddgy00wHyl9TH9PLpuqNoA9JoemAZ46S2eNSiVct8qGjU+PhgLC6unW2aR3RJe4hRFzPoP8AUPHADlvbueNhco6RsaKz5VAPnrgLq7MMvA2kslwaRJUla0A7200I8K4ChtYOPvrlooRMxkYIhUV3N01wHR8P7Umvrrk7cARC2Eal5mCbap1BwELv2uvHhLWW8t2hvZAh2uskgKgklgNPLAV09rBbcYAJALlZljkTaQQtfSSdK4BzjudvuK5VuK4O6ZJ5pSw7/qgpsBo6moI1wHSQwXHK2Ud43Dm37m8yXNk++3LKabu2c1z6KcAubW9UNG4CPGQssiepfhQ0I+3AA5Se8spF7k9vbW4G5rm5qXoOioKA4Civv3GsOPiSCxia+nWq991EaFvGgwHGcz729xcqGSW5aGAivah9Az8xmcBy8jOzVkYsTma4Dag1UU8/vwG1Uh9w/qpgISL6ztGA7y6maT9pLWKV2Jj5R1iVjUBTGCcBwMTlG3KM6ZfHAWvFTI5MYQ7wDuYn0Hzz64DaRNNcC3VzUmq7RlUaZ4BWba0oaUBDocvDrgB7gYxEK1DFiemAso+PvrRUuZ4XjhkFEdhRTUVy+zAXvC3ai5tn8CwFdKkUwHZcvy9/Fx4/TYTIhQ966GbxkCuhpgOH4C2bkLyfjdxBukYmWtM613MTgOnT2VwdvNAl1yCzAmkooFCEDXXOuA6fh7vhvat1Bc8VzTW13bOTb7KEA+Oh6YDo7P3L7IhuFveQRL3l1czyXA3lpHJrUrkuA9D4z91fZl4Qy8i8RUBDFLFsNfIj+WAsLv3UklvJPZbhk5311TaegwHyZwXC87y/JzXXGcfPdDuSbpIkLKCxOp0wD97xF7a3c0VxBKLhS9VK/iCKpB+BwHqH7K2d1bc3yThGiQ2EysaUzMgOZwHsllzd/CqWzS/loSNqgE0A64DXIcnyWYivZI0bOuQAHjgOB93+/L321LbvPuv7WRGZ+y9XBQ5EVyOANZ++uC5XioOSbmIrK3majJNIUkVlzKuBofDAdJwfPcEvubjbdL5JJy6AojgM6zrRa1p6TWuA5j9yf3H46bluU9tz8ByfKcZZXBRn7qRQb48t0Z2Fgp+OA8+5Lk7bmfaXuHgOA9tHj/ruPgvnuDLJcSk21wKRksABqTlngKH9qLv3b7K5S8ubaxmeK9tJLV4xCz7i9NtajIA9cB9R+0OegHBwR8mEtLqA7JkkkAFVAJIr8cBWe8uf9s3xtLk8tb7oA4Wjhgf90064DlIfdNtct9Ha3EMrsBUbswdaYDyX3F+3HvP317u5G+4fjZbgNIke8gLCRGo9W8kAVAywHosf7Ie/m9qWfAXF/Y2UM8u+SylYsX2VYBpFGX2HAC5f/wCLtmL9Z+KvrO043ZF3Yrl3mk720d07qqNtdPLAW0f7d8LwNib2557iJJeNhd7a1ijUO+3Qhqklq6YDiF5Xi2uLa7u1u5by0ma5ivDRXJcZoaCmw/04Cq+r463ur7kJLSeYyrJ2nkaoAkyoKDMfHAW9nz3F2ZjNnx0Ul0AGaWWsp3UAzqcjTAWk/ujk549scUcUegCIozOhBwEX9we5pZgpu1DKtGDBTuA0rUYCt5PkeeksbpJbwIzrntPqYfAYCf1nIdox3MzN6QGALEk06gnASt3urvdDx8T3XIIrMluo9W0CrOT0UdcBxF5dyT3V3FyCuL5EY729JoKDr+EYDh77uvfqgADMppoQBTxGWAy3s43EIkkMcbVqwOYY6ffgIcgl3+pvLCTuV9xY6KQAMzgLfjpOQm5GGeRxHuVd6sdqMykj5hn8MATk+Bu34+zkNwjTvLNMqR0PpeT5iwyBFNMA5Yv7m+pTibOWBRNubuhQzgAVJJ16YB3i+Me67q38xtxtBYMN2hr6umflgLWP2LwHN3D2sfMKVEe7sxoSWb5mLbqZDywC9p+0/HckjNa8jc3bW1Yuykaqc+upoPGuAYt/2nuZg9n3ZQkQpEJApRy+m166jrlgHbT9q1jIe7vXtWt2DBECrHU5CrE1NT4DAX0vtW6a0ljubyK0IcCAF9sTxgEtU4Cgn9vXv09LN7dj3lJeJquUbIHwoOtTgDycM1DuJEiloe0AAxagqc8BwfO2PL20tt9TIqCZj2hkXKqaUIFSBgOhjt7Hj7iX6y6YWbJ2SoIqGehzp0GAh9BaSOqC8JtzIJH3GtQDQLgL1Ll7GeM2t/IMt2xHZajM0ArgAzfuBynEzw1neaSWTZ3jm6A67QcB5oyLDWORmKCoQFcvSaVywB+L2RnuygiOpIINKqNcAxyPLwramK22hTXJlzBrUAnqcAe59wWt9bLBO4CbQyZUCv10wHTccbMeyWlWMMFZoGqQas0iya4AFvy9nblYvp0iqplEoAJ+7LTAJXl/ZXU0s9xLNJ9Uq0NutWO0UrSuVcBCSbi0NtNawzVhkVmkdwH2kU6eeAByfI210JLhEO2JE3gk0Zg2pPjTAVHL3MicgLm1V1uWRJDIPmVSozy6YCy9s+8uRsWurCS6klgmildEOiyKKgqOmeeA3HyV/wA3ySiyu57W7eMXDnuFt0gNKmtMgM8Bc89xo94CBrnkpVlsklihaZFjVp41ViSQBkTgOcsvYvJXwvbeWW3H0ca3SybgZHG7aQCpIpngKfkva3O2NvPeXlm6wRkoJV9SCh6kYDmjEzMSFr0HmTgCLGxVPEClMBJI2Va0rU9MBuOyluLjtwo0hI3bVFTQZ4D1v2TLxtt+3nP/AK5xMfKW1lW4itpy0bdwuibgwzWgOA8491Q8BHPZ3Htu3ntrW6t1luLa5dZTHMWNQjgAlaaVwFHA7wyVViB1wDbXce1nRSHpoOh8jgNXtq0BiFwjRSSxpIN3RHFQftwFt7b4ixuLtpLsi4ghRpDEppuKiueA1ynLzX9ydxMNitBb29TtjAyFKZYAcd0CTCfW65qVrQeeAbkvLnssiTyMJB6kqaE9ajAQ46KSW4WMKyHbUkZEDAXMNokiOVmLD8ZrWlPhgJ2dtbmRTQua5V608MBcxrAA7ybWl2kbwRuFNKYAkNrEGjkI7gQVA6/H7MA9Yczysc7xW/fiSUEZ+rLQgjpXAX3tmU8JD9IljfPA7l3aFmUksf6QMxgOosvb3E82Zru9sTbXDBipuGlVGZmGZFRqBgLDjrrhfanL3EIvLSAy2hVjEH/5rk5AscA0PeftbjUWRroRutMwhqSfGvjgK+7/AHE9q3jGJLud5aNsVlCRivjpUYDnbn3R7ClspLHkoDdRLuK7W2n1GpAI0BOA5pvcHtKHjZIOH9rRTWsbmZGmlkmbeoK7zn0GAZ4r3xdyXUXK8X7ctP1DbEBePUj8gALSpoKU6YC1k9ze5b+8uLu6jtVvpvVJK6NLQVrQAmlM/DATs/cfuGLdvv1ckURIlEYFehUDTAMj3VzCQus1wTM1KFfTSnwrgKROSubySa4mLMy3LEVdtTQGoOuANevx7esW0TECm4R1WuugPjgELa8jt3jdLNc/UzkUIoailOlcB6F+3Xu64fk7n22S8R5kx20E0bEGNzVt58qDAJ33PWqWlyLq4u7+6srl4Ze5IULxs9CECnoVqMAzz8pl9jw3cV9c31pyANyJ5CsYtI4iVMZAzbcVIBwHCe7Pd/D201jHDZtEicfbGFGGe1k3Bj5kmuAq4PeltNC0f008lUomxRllgMHIztbTk2ciB9qIWYClfLzwFvBAzmNYYwZ3UM6j002Z5nAHhmeKQrJTcHDA1HUZ5HACu+Qt4LoTyyoIfloSKCuASk5S0uYroQSK52mmzwBrkfEYBa89ydxktLM9y6ZwEdzQdNScBq2918vwlxLNaP2rwAi5mFCWWu0rXwwAua55PdUJuZIhBOFNqTkCa5g7j/UfHAcGlpcX3Jx2AosKkhHj+XLPaW+zrgOkufZ/IwOixsLmRwG7UZqy1ANWB/hTAVV/xkkF80FCkyMvdRwxrT5qnAOJbhRHCBR1DiMjJaBsBGcyxWFiyEoq91Qfw03+HngC8NyKxe5OPjOcssqqaf74I1wCFzfSXUU8Ek8iuWIeNT0Vjl8MBZ+3r17S3veRlmH1UFvOltHUszB021yGYFcBWR8xdcZC89neStz81BMsAcKUI+Q+IpgLHiuV5NfpVuOXlR5HD/SbWARepZv7MB0HE8zY33LSPzV3PbWoAQMr7aoevq6HpgOy5m34zmOOgtOEuu9Zq5aUq+4EKMwS1OmZwHBnlb61Z+L40FERxIYdpNAp1r1PXAWlpBcyQx3s035zyMWcncVr+BR1PU4AHI2TTTm6vjHHSgt9+TOOp9OVPLAV15Ha26GQxCS4kBmaRiQrscqU64Cz4aS9PHQi8t4mtoVdo6x1IpnSuvXLAOXVz7Xfk7Q28M4uWVO/kStaZnwoMAndcTx0nKdyKeMJCzSQiX5tvQU60wHF83ayLyUSzlYoJzuRUqx9TnI0wDUnEXK28QlmKRtWiIgGR60OuAVPBW+9SS0prRlkbbmfCmAt7DghKWS3tV7iHa6hdx0qNcB2cVhDa+0eS4m+j+nkmaOeBjQ1ZSAVFNCRgFeO9nre3V1JDBHLY8eEt5JC6kszephQ61rlgJS8GsPIS29na+q3CF4mKpQmuRH8MApz1pfS27z/AEFvbPviEEVuQQz1OtcBysnD8vKZvqbcLJNtSIKUG5y2fpB0pgLjhePms/cy81e2gu+P4zZbz2CkCRwsYGQPWuAY/T+M5X3FyV/Hx78aJIppLaN4qbl25AtoGPkMBUcNZw3nP28w45uNt2gMTb5g5YqNaa500wHZ8n7d5UfQwcNcQ3jX31FxaQzK0KhN1GpUVJquWA5O4b3HxU81s3ByxyyUW4eT8mqqattrSowHTPylld2fJwl9sawLM8bnNRUAig1zwHlhgsJrxbgr20VpZ5goAFPwADAVlvx5uW/0pEjHMR19efgMBGS3eFikyFaEhh1BGAZ4yEiO9u42KGJFCMDtILNgPUf26sZ/cvtLnuGkvY4Z76B1S4u32QqwkSm9zoMqYDiffvtu99tX/H8NyKRrd29lEJjCwkRjmahlyNa6jAcqIEpU0H2YCctvEIxtBqy1oMB0HvNUlv8Aj0iO8Q8daRNUfiWMVGA5+OJ4zuiqhIoxQmpB6GmAbt+NvJl2xQSOjZ0CkiuAcHC3qVmeEqAPXWgb7sAxbcDe30bTWzCimhFCdPKmAuLf2PzpAuWlRIttS5O0hRrkcB0Nh+0fNNYxcsOStY7S7n+njiMh7judTtA08a4AkHtDgrOS4g5flj3bMt3VhG0hlNGTPrlgLGDgvYUXHXV6kkjMsdVLyhXGedQMBGT3/wCyuLCR8Xwn18m6kssrUXYP6SdTgL6z/dL2lGsTG37Mriu2OEEIT0rgB3X7y8aN62lu7zbaRVG1a+dMBzN7+6XP3MbRqqxlsqJ8w3ajccByNxe8zeXbtGwWUpWWU5sRWuROALBYclcODI7lKVkk8emRPXANp7WjlYsZpgBqzbRWuAbtvaUaQtJJI7DOgGZI0yFMAeWzt7P6iKIdvbFtajFWbf0JGAftooIYhGrGOGNVUIDlX4DAMbZ/qT2nbttFsU1rmKnALWtvdyh41j3OrbQ+6hz+3APLa31iYw0da1BBlVx9+AU4y7kFxMk0SkSSyNUMCSN3XAMHkIrdm2bMmO8mlaeAwFeb/jYmkaSRpFLfLTqNMsAfj/cScTykHKccpW9jdXhLqSFIHQD44CnvOWlN9M0Pcjabe8zgkszsan4YC2uuX5jl7KxtruFmisYSkKZqBE7FvUNGzOAqo4pr67SS9s437cQSOearvsQbUQdMgMsAZkv4L0CCOIQhdm5CFL1Hy4ByLiecvJgtQYWWsg3bQAOimmuAYi4XlbfbKFQMjVVGkoak/iI6AYAkvt4zl764Je4loroj+lK/DAam4SxmtRBaWiXN1Fm6M9agfHANxcHYQRBre1RJlQ74S201bpQa59cBWx+z7KW5LXFl+YaOrd2qkn4EGnngLaHguKimQ3FvunfoKtSn9gwEpuA4eazMLW/aSWTcwTIFlPUDwwFcPb3DWbSMkxVHrJtRRQDrrgF1t47S5Waxum3soaJyxYPTMdOmAaZOSmmlYIDdzu00jbAQwYUZQM6VwFZyFhPGJrua3WM0bZGi0UimRFOuWAoJ3ln+itriMRxhyWYnMbqGn24B7iRYw85xs8cCMsUiIDHUsW3HMnrTrgKm7W2hvnkjjDtvl7rUoASTp44A/GywRSSPJbh5pYmSNHGRDEUA+OAsbODn7Kdr+C0tlklOzt7RJtHhU6HAPxW/O3V4ZpJImlTPdMY1CK+oWgzGAsYLaWWU315a2dyYl2SRlY2LJWgYigyGAvLQQ2yMtjcRypIa9kRBVSo0AFNMBSXsNivM200ERcQP3bhNwAlqDVSa5+WASnu0TuTTQ/SxvITbW+4GRGJqa7fEYBa35ezkcG5veybOQ9q3KbijHMVrqDgLjj7PjeYga5EiteDcQ4I9DnP1KT0GAfivOJYHipW3yQ7QsittBjOTMfI+BwAvcF7wPHWn0lnZGSdsxMhrUaHPXLwwHL3M9zfXkP8AptskMZAyoGNDQknwwFFfpcIYp4iWKNtkiPqLFiSQDqPLAb/UppyQsRtxEN8glJJC6fi6YC1467hvVk7LwSzRldzKAKAdBXM4Do+PveFth3ry5aOQEl0jGZK+WAle+8knhlj43j5LigzedQoTPUeWAo4L28UTyJILJJJ2ZmWQ+plpT0DwOAz9Li5vlhyVxzMyTlR3ZFqu5h1qSMBb7bC0t/oZeR+qmEyGpO5miUmoqOuABcwoQLhYAqxyo4LV9SA51GA1x95Ype8nJcHtRy3FIpRlXICg64Dp76KO345Lu4yW4Tba7pEaRqmhqu7dn8MAGfieJs+DtuVvOKT6W5PaS4RiZ1kP4dwOVemAY5S4m5LlvbHH+37XuTxWIECl84zA5Yguddw1wC/7qXkjc9ZybyWEIUqW3bSVzAwHkY4i5S5ubpJlK3C7EjDmta1ocAjLwHIrWWQlIzmF0JUageOAAgbib9bmVRIwHoCmqgEZVIwCVzf3NzJJJJo2QHkMA7bSwLa3MEcTIlxsId9AUzIr1rgPR/234qX3Dw3L+3o5BbtdWbRCem5Vd5kI3U+GAf8Acns214rmuO4b3Z3LluP4+GJjbSUqSTnuOozwBLX217Ts930cO5XISSa4PcCK2nQjAVd17O4u7mns+Mu7SOZZKTSzy0URj5dq069cBS8mLe0uJWvbWC7mRUSOQMSiLENlCDn0ywAI76CX02UttbGmcaQ1bPzfASePkXkjMV8TXQTkJEf+6vXAdDZi2to4zcT2zMKksmYJ+LZ4Bbj+UBMhFwiKZXZqaanoNcAxyPuBo4e3bqtwHFGoSaV65YDnLnlubvI3iBmjt9QkZKjPAJ21ryc3dKiZ2GbmUmlCdatgDXHC8qLaSeeIqldld4oSfgcAS29nuYu7PJHbgGrAkk5+WAZs+BsrhyfrTShC7FrU1pTPAX0Xs3jIk7klxI4CZ5hSCMzgIQcNwULdkrJNM43qWJI21yNBgB2p4qG5uH+lYwimxwNSKigr0wFg/I2UCxRSoyjcdkYoPURlWmAk164uRSLexruDZLXKgGAZkluQqPsTYtWFK7QTrTAINCgFxNfV7lVYk0FQTUUXwpgI/WSuJ2SExwSAdqpDMD0JPwwAmk5CKJZ2O1owWAb5NKAAjxwA+OhuW2S3Fw4RqsKNT1V9R+GAtriKyuk/KEwA+eYuDHVcwABmK4CtTie/dRLFL2i5/JYk0pqcsA+9giXcdsqBq1LTMyjdXwAB+zAWwtrJEIit4VJoVEmbbupJGAk1tZSISI4nlbNUjquVdS2AgOI492WVkW3/ABSSAkhiMAxb2kSCQWxM1dSWy+7AYLBJY0iVl2VJZU6nwOAHc2iWyx9tIiyEOU+Zq+FKYAsMckxd5kHaY7dshKgeGmAO9vJOqOoAdciin0mmVT5YAsQkVnjlk9AXJaAUJ0ArgIxRvCRcbESKIULJ6WUt/wDUK4DUYVJGkkLqKUMlKhiDlQ+GALJPbRMpkD90iqUAYmvhTTADRZWZu25EDZyhQd5J8D59RgIzRdyXZM0ixtQ7h0p8MAeKytWHYgkEkRqSrKQ3wBOAw8dbxKEqoiZvlAqw65HoBgF5uFDSvLDclpmFSwJBCnpgAPwpljVjcflrn21JXdnoSTgE7723bXhMLVirtbJfVUZjPALwe31sZYktJjFcxHcGZamuoocBqT2mqXMTvFueQmRVJ/Edd9fEnAQm9ozzJMUZIZztWNR6wpTMEE9PLAPWnGXFpbmyvblHu3/MKqOq6Go/jgNLxm5/U6yqzFpiuW0+A8RgIfSW0k7SQXm1FTbsRARXrngN2MqWEk0RmMhlWkRYU2sctxGAQuLCJpGEbKzrtArUCQjPaPAYCNz7Snut14kpSNwtQTt2sD/LAQufbXB2sMktxFLJcs4lL1O9yBQjwpgLGy9sWpsxexWzWokqyk5OQfKuA1B7W+jkcxSiSOVgZHfNgaZadB54C0XirSNla4mHpABAAGWmVcxgG14fibP1QlpCWNGbPaCKCtdQcB5XJDJMYnS52fUFjD2wK7VABr9+uAKvCxXkCpdMZadXcBgvjXAAXh14wb1jt2twGHfSpclRX1Z/xwDtgll9FDLPdndKNyqoABY9K+OAso7XimpJJFLJMhoyO1Vqcx8cAlx/I8fagHkLJpd8jbCj7akk06HLAF5DmluxtsuNS2ZM2AUsNtPE/wBuAVs5Z7Z1Z3jtIJczK8e5kroRQE4Bm65WRAjQXC31yxIYbCkYAyqtczgE4ORuEhLLZxspkZkeTNwa4CFqZ0uxdQKfqSpajtuVa1rrpgLifk+Zf23+j3naksY7hLi1ZXo8dWqa+KnAGPuWHi+el5iy3dm3tSlopBIMzKK1p0wHN+5vcnK+4Nl3LGDd6bQKGh6UwCFhPzED02RKQQatTr0OAdv+X52+jiglMRiA9SKigDoBu1wFJLwFwwKUA3kFjuyXAa/T7bc1vNedh1qzSyLXIDQUwBE4dex+aZJ4zUo1CPuHhTAdL7P9z3nsmd7jhrdC8oHeWerqVrU5YDoeX90XPvD3HDyUllsumtRbz2wqQpH4weikeOAzk2/S7a37jbIpGMb9pxI3pYFWFNaHTAczLdWDc7yN8qvKjGMxsKKa0zoNNcBznJcneX1/K/0gltjMUjaYVYf7pYa4CsuePvGAlhspRudvzAG25dM8gBgHbCx9xsqi3tJZY67VU5j44C6l4XlLVZFvEjR1ptUSBjmK6DwwBuM4m7hT86ChYH1E61wDFvYXaN3Jo1NCKAEmg6V6YBnt3MTBZUALV2NltO4jr5YDGu2jjktI2AVQ2+Rqkkg9adBgMBW9tVto3zoBJNTIuvUDXI9cAU8NefT9+rSMQEDO9BQdAMAWz4x69+FBFJGGG/NjU6g9MqYC0SCee1QT3UaRzGspSrF9uAFHb2FvK4eWrFVUvmUoTXKmefXAS/T+PWN449z1B1NEDH+zALy2djYSVKd4ttErKwD1Aqc2GmAJEs5mVorQysK7JWcEA+NPE4Bi6HJGJEgiVXYVaMMCAan1E9B5YBa3splnWVmVpCu90INT/UAT+HAMrbNfRsoJgSJ8nNFqBnkMBC34eKeKQyM7Rq+4CVj01FBqPPAMrZcbHCIhcPvC7xuBAXcaaHXAbteMtAdqOY4mA9fyjzoMBafpVhFD3+6XWnqeWtRTIAU0GAHNHaxRxhFqyAFSM6k6VOA0lo7Sb5IQqAUqKgeNQfPAT7PYZZLdqKSd6ZtUkZUJ8MAxI1uapIoZuoGVP8MAQzLHnakVA/NBGZAyA0wC0XISQO6ukQtgCw2ihFT/ABwC8HJ3IilIjjL7yy1Uii9AG64CEdw936u2QFIqCSD4k4B/ajRqEKvI2sbbgcs86eWAZNs0luXcdkrlUtRVHQYDIoLRYqzz7xTaNuSk9KYCKWwnifthjGKbtr5Keh+zATiihskaENvDLUbzXPxJwGL2VVVjeit6itasW8vLAGSzELl5HJjObekVHw8sBp5bCMO8ktGVqEVoaa54CAa1aLfFL21apkY6gHwwC86Ijo8Vw7xqvqk3AKV69M8Aw0tksSmEF5PwR7qE6Z08cBs3caqGkjalQF3sSc+mXjgCSTwRFbyQKHWqbQxIA8/E4BabkJbyrJGRmPWRQ0p0rgCQ/TRpHK112WpVix3erwAOmAMt3axuUjYyyPoXU0FegwC8o2sjmNShqSsa1bI5Gg6YAErxhu3ADGGoCQvqr92ANF2ECl0LOMgwAFQfKmA3PKtyVIhCbPkOzMkeJwGO0wjWMqQHoxA1r4V8MBMs8e0bCzkVVSAafE4Ca3bmQMGUsimm3ovgcABLiSWsiAln/FUBfjgILGysTJHUtX8O4A+JwBCA4CszZEekeJ88B5M8SRm2ghnR2tY3jZQdSxrXAP20EiKjCWNlYFd+0sTQdegwCsUtpO/0okLMxJ2LUDPI9MAxFwxtH9FuiByKkGtB4gHSmAaksmhDXOze8noqWqCT1IwFZI3MmYWkFt6AQIiPLM/dgJ9nk3CklEk3FniqWJ+NOmAL2rqZ+08jOC26MEGij+0DAbTjriWXabhAN21aD5TgDchYJawAwRi4kiIDLWu41qTrlgBxJdFO/DYrBuFRvfcN51+3AblsmeaGOJVNyVq9SQtTrlplgJvxdxcyiJ5khjGRSoUEAajALz8TdQzm1iSI9sf+4Zq7xrTLAAvza25V5I2C6DKgJpplrgFrTmIIY5Et4Y9ztQxkE5f8R64Bu3+oumaZUYQvX1MCqjyJOZwBE4asokuLmO4UgHtIm2j60r1GAtALmYl+xviAIYIpzUCmVPDAVkvG1MxmTtyOv5YUk6HTyNMAC24e9ilYi5mWXaKvHVQgboTocAvecTztrMrBZJg2UTE1J8CQcAY2PuFoQv06rv2rJJtAcKPDLTAM3HBXtvGm2PuwA7y0pCIjnVj54Ak1pepHtN8IyyiVYy+9VXwrSgwFpZcRdiCNnuULSAM7x1KjLLATm4d3uw8ZDyKu4ualKDpXzwELvjb1WBFuzW0nrkkqSwoNBXADls55oqi0njZEILjNSpFBUA4DXH8XebI4u1IHioU3/Kd3QVzwDENpcrP+ckUUSEkkkEsxyNNfuwBl4v6c/wCjqCx9TEE1rrlTTAZG94iR28Nt2o2kbviQFt3gw8MAzFb3LK8Ue2OBAojUGjBq1Nc/DPAAMclgHhkT0y1Mag5lvEeRwAxx0RZdttIqEA90MFUHXPX7sAc8dcTMixy9uMkCRdpJYV6GvXAMRcRDDIJpgJFqVdZCSAOg88AWe3lJBtpYo6khZqk0I6bR5YBWLiJdXvHmWQgyKDtHq61OmAansyjRLBcMiAHZHENw16mmAJLxw7Iz3zVpuNTr54DaWr7CsmcoqwDGlMvDAFMcszC3nVFh3CjoK1FM6g4CaW6r+WrekCgDLXbU5DUYCEsKbliS6O1f8xdhIPmehwAoYZlcQsSK+pZNSR4U6YBlhdIm23clfmO+tDTXIYAJt76YfMO22ZVEOAItrP6ZM3QHOq008ycBKhQF9u7cc6eWWmAKrmNAsfqB9TMVAO3wzrrgIu0fa7kxKQjICtOv9uA2qWcTCIg99mBVjXYBSupOAg3IW9qy96Uxmau4EUbaNKU6fHAMR3FncxNul2wPUqSaKx6ZtgCxJaQkdzc7x0HqzQMdPjgJTXgpSP0AVHpUhftNMAk84MjduUxquRD57nYdctMBjXIt12how9RmRuep8AfHABa7vpJQFmOymYIBFfOn8sA0I2CmVpFcLk4Kg08K16DAFtUtpo1eQs6g1FSojroaj+zABMgn78MLKkanV4yFr0p44AHd7EwWOiyKAGkVSwB65nAHkuIldZY1VuhDEmvjkcAnCFW5ZRBqSSpqy5fbgGRe3EzBEX6d6+l2HpanhTAT+pgSQCON5bjUttADV6CvngNTMxcJOGIzIkY+oA4CIueSiatrCpAUhd7EDyJwEd3Iy0lPbFyPS9W9OfUYBxBNFDWSQd05SUGYI6fDAbmMku0BwGpQ+LDwI8sAIiEBUS6ZQg2uFIJ3fHAQeMbqCdlNABnUkeNcALs267hM8joxAoDqfswDSdq1Udp4wNKU3Nl8csBv66WRt3cJHU1oKedNMBKbcqoFYqAvoPjXPLAcYvDwzMGEinaSXEagbt2lT1pgBpw1ujiaaSTZHVUAI2gdRTxwE4ba0j+UKFzUbsiCOp8sAQho1X6eE3cxqEbYdoVdczlgGO0UJrayNOyhqbhT7KnpgF1e7inHct4ltqVWWWQbldsqZYCJtS9VaVDGpJEaDTw9Q8cAJkighYXDNsVSZf6iK5UpgIQxWN7El8rO0QIXtspDHp1pgHlgtLhmVYCWAoa5FQPEHXAUMtxZQBrYObWRZDuSRq+kefSpwB/1qztwiiaES1FNWovgTTXAMfVx30rpeXcEkLgJF2QS4oepplgGv0xgUmS6ARjtJQeqlNCTgMTirGK5+p76P6a7XFTX4YAdzxUfdF19eYuoijiWm7AEKWN8ke6VmkXN4wD6vP7cAd7pLWPZb2sUbo2TyUqK/DAEtXvSQ3diQN85XcFo3TAEeWJAI0aOgWorQU+JOAil02xUkaKOtHAioxZh1bAFF5dXJqXL1rRCm3ax8DgJgsse+6LaZ6KCelMAKeSDaVEMkqCjDcarvPSmACGtIttIvzGBVIiVIFcyKYAEj26zKh7i0K0iUtsp4ZYBp57kz9mGBobd6mORciABU4BiW3kay7onlevpCsTtOWARtmaOFmjV2kpQjdSrHzrgGVWV4o3aVreUGryOQxI8KnpgBtEvdkUzRtEBuVmQU8QB/fgNm6lWMCKUyNXclBSgA088BOOdpnQMhrtIHU1PQ+GAisciSBQsURQVRWzq3x+GAIiwO2+SNHlXNSM6V6jpgGDcztF2o4VKEgg5k0wCzX00U8SmGTa2SlSFX4VbTPAHkvJxILd0UTZkjWvkDTAFEd1CoFlbRpvqJanOp+zPACWN4WMtwxDH0kL6hU+NdMA1LbwuioFZi+oRiKnU54CUEKWyrHGpVCfTvcmpOepwEnfbVmMYJPoAoTXQ54AP1t0IWl/zChptQAmp0wEo7maUMpUFpB8rHME+JwAr64uo54xAmfpUxx0UfCp1rgIG+Mzb2kWEMNrRABmqMqV88ACPkHFz2JY2UqMn0BI00wBnvWhFDI6A5FUNWJ1+7AajupEt07YkMhJoWYZ18sAA3c4XazxpI1aqxoCB5+OAQPPToFicmOavp2qWBBNPU2AYuOTgleKO6Msu2hcLGDEGJ1XPpgNT3PDGV4nuHWWNtziTMZ6DAMi34yaMTrD3CxzlkLVNBoPAYBj9Stu2IFQSGHKhpr4AeAwGNykvcSGKLu5hFZgDSvUYBp7uJxLPEJAyOVZd3pYgVJAOowCEk63xMr27hIc6Mct3kBgNtMXbbPbqzSEeluoHn0wDSTgIYogsBoSyoQxA+A/swGC6niuD+arqfT2igByFSScAsiz2ZYwqZo5CdoVvxHM+ny8cBK2vr2c7ZtjKM0SjVNehrgDi4uDMySOBUZUFBTpgNrdRSSERqZVSitKfHqaHpgIQTEyMjgKantsg9R/uOAZia7VTJGDWukiipA8KfxwEVumLOxUEn8aaH4eGAis9JdhbeFIoDRTTw8zgMuJJVlG9Xox9K50JPngN9wI43qK9ATXTyOAjuupKurqI6Zt8MBBZY1TeWq9ARt8K9K64DIjbyBlVi275jtpmdBgNpZ29mqtXa+bEux2rXQEYA8TrKQ0i5D1Ag6n7MARprZmWMQB3FAa+PjgAvf3KqscVqpdjt02oCep8aYDTz3ofZeyRxilAUqTloR4DAc1cqpmG5mKJ6yqNtPnXAF+qhEIe0j3hQSdNnhnXrgAG+uTDGUaJV/EzUf0n7MASGa4nRJPqpxGrFR21KKR8PA4AU1gwue8O4wyMe7JaeJ3HASt45KMrWqODmGlYBAx8KnANfS30MKxgxxMG3EqKk1+JpgCRvMuzfLuhFdzbFpt+JGAg9/x7yCF4xJMAXhi09Q8xgD209+z0+mjSVga+oHaOlTgALxtvddyW+SKQ1O4NnkOpwCr2dgQI4bZBGDVSYzkT4EZ4Bi34y3Ns0cRWGd6lpIwEJP24DbxC0hqHeQtQE7qrl4+eAUSWWWXYkJDKRR2Hoz/jgCTbJGKXPrIPyKpGvSvXAbXZZkskAjBX0at9nlgIC7jhNWVApYH5fV6h4nARe8EDEwsrtUKVHrIPTQ6YDcqPeOkVxEqnUtQgeFaHADnubCPdbWkqRyqn+YBubdXTLAbjvGSOWO5lkd4gW3hSB9nxwGrblGu0UxxFoq1TedpFOm054DJr9e73GKxSHOrsRtOgNNMAxaUYRtLcJMxBLuhAz6CuAYkcKNy/PUAg0NB0ArgAQPybOokaJFLE9xjovwJ1pgJchyF2kaJa2xdIw5IDUV86D78BUEcxMpHbFvF+JWYUBOfxwDqx37hWM8bqoHoOabh8cAwj3ZCzMFkdhsMQFNNdcBltLGkbOIRCI2IoxAouA0GWUGWJgklQUNdqiupbx8sAH66c3DBJklkjqTGi1YGnRj0wGpPeMdlcRpcKfpSoU5AkVGZ+w4BWf3naiZFsonktmWkjZqG6geVcBZ2nO21wjmaBgxUMoZiwU9NNMAG79wG3aOSV4YgubMfLqta4Ax9wSQxNcqHnhkpIZFIOVfwgYBkcoJo1LB9sh3FRmuYrmdcAVuQSYCJ3YxjMhcq10GAWe/DERNCZEJ9MLCu0fHxwGSchcJKixW7M5OTKo2KAOpPXAR/VZiDG00azNQ0X1AUwExe3iQgmrXFczUAP9oGACeQuWVg1qygE0dm3EEZ9cBGW9e3ZQLV2LkbXocjTPPTASc3NBME3I/pZ6Gm6mlNTgBLPMULkdrPahKkCh1JJz+GAba1uDEI2btoCe4SabtuYPwwCUJtLmR3du5SqkZ5Z6iuAMYoY7mG4QDcrhhEAGr8T54CfIATlY0h7UKk/g3ZnMio08sAO1462luqyq/qUbmfUnQZYAk73MUjW6lWWM5TOaKT/AIYBeGG7vCQ8qJIlSG2eoiuQHxwGW9hMkrzST0bRSKgkV0A6HAOS3F0kVCQKmoTrUDWgwBLKWWCFrq4lD2tc9FIDUGnlgJXl9DLL3bWTtw1I3MBUgdcACNrBdvcuGVCSSRQAk5ZZVwEmu7a1AhhBRDUOZPU7DoK6AYAz8gwgae1JXZQALptA8dcBIX4aPuzKfSuYeqs1dMhngJW8sNHlrud19K0KqpOedcBMydo+r8lpF9IZsqeXU4AtjFNfyMgQLsFFNaM1P6a4BmdLuJIzZALdxgq1pI1N6+RP4vDAVl1yr3MQueNh23EDFbq0I2Oy9fT0YUwDL8vYG0guINpQ5OzgbhKBo3gRgDW810bcXL1ZNRmMif8ADAKveK+YI71TTI51+OAIs1uEPdkAkOTFzQV+GAG0kQHoKNMSCxAyAGowEJJJLpGjVmVsiBEQpIGVR8MAIPeW8p/Md0cAOklDuYedMAWWQ9xe3WIbc1GtPD4YAEiXcTo2ikgbxWlPhgG2uJVQRpETJWisTTXPPABE09o/duyApO5FA3EeAJGA5aW/5CEIWVpXUfmTbAgY6AeOeAtE5ALbRkwlGkNCCVzXyrlrgBxXtnLKyS7i2RWi0UeNMASXkFWcIJnEKj0RACh8sBjXshBa62qWFNu6vpHT7sACO7C1aTdm1VSoIoMv4DAbu76furAiyy1zQqy0NPHAMq7SxK/cMU1CCC25R1+3ASa/CBSlurEH1TbhQHAV91yN5JfhYgscOW15KbWOlBTPAFtfqYbiUPOHhkJrBGuYbyY1qDgG45pIgURXJUZlhlWuWuABfRS3G1VibtDMsH2HM5gjAYjwhPpVVmb5gm7cD0zwGLcyq47wVI67Slc18MBjmMSJLLRwmSZ+Pl5+OAmZrWbtxvJ23/AgNP4nALtJKbwBbeOWIqAZGkqdw6kdMASSzs928bLU/jMXUnPr4HAYlmqmNgzvCxJkeZzU/AU64CUiRtLvto44wcnkNAD/AG5YBiEr6hvGYzIH8sBqRZFjLRAb1ACvT1f9uAr5IpJF3TSFmBFYiobLqfhgDwRLAhFkD3GoabdtQTkTXLATLTwu0V0R2V6oVbM4AdxHcSAmGQRKD6XkO6g+HXPASgklRSkssc7fKToPjTAEUQ7NzoxOQB21oK6jAAJWS6VHiZtuarSjKDocA3aozM5aFg6k7WdiDTxOeuAWe2DPJO1whQ5LHTcYz4VwEL2azjhKT7FptYioUGgr8w0rgJpcLLGot6w25UBGQAmnmdTgFZ7W0ZEkuY03AkDLc32gaVwAvpWeWK2SKLt7gwqpAYdCTlWnhgGbjjRCrvBdu9wTu2UHby6UFMq4CVla3Fw84vktpi5rkhpX+kYBxYZYoGglaKIbqxtHQbcqZDTAb7MFvG3blkubgEhwGoS1K6UGA2iQSr3JoPpO2CV3sCKnxodcBC1a2IWLe7hQdzkqpZjmT1ywDivIIj2ZFMbPt2PVmFBWoAGmA3bx/TrJJMkZBIJnZfUF+zxwApeXtojt7i0myjooAB6a5nAN9xWCBEaY6tIQQp8aDTARuLx3QJJbtGhJU0ou2mhBwCySR2cMkzIyruDFmYs1dAc9MAC6utxjfstOGO5JVrtFDTM5ZYAMlzNFGYj+aZCQ6g0ArmaE1ywAOL422t5t1zKIomOpJoBqfmOAZmi4q5QtDelu2/okB21Ph/jgANccfDAI5rkqm4nYWqWINNDgGPrLVGBVZGjNGSUAZgDTARW6tw6sbcv3Dv8AVQsSNK+GAgJ7h7ki1lZEU+msYGQzyrgAfq07SGNTKJK+qVowVIH9IPXAHh5CSOQb3QyV27gmRBzJywBZb+C8kWCWLbCBRFakSVBoSK/NgNxLaMz29tCwkLU9TV3A5ZZ0GAZkiCUeACZgACBmcsvSNMhgB27SXMgjeECNRQFx6iSf5YBmQKIxVlSEtSi+qhXUYA27YhyJBNVqNPOvTAKPNCxB7iAV9YZiwIbqTgMNvbd+3Z42ZpFoHSpovhXpgHJZYnlgiiIjuIvSFqdpYdCR/PAGfmbS5YRcyrWV9EwjiuGNPgW8V8xgBcpbxGSJ5iIORJ/Kux8kopkJP6lP9XTAcjyH1MZvS6IlwMr2xOjKdGHiP6XGAquP94T8Y68fLKzWH/Jmb5oz1RgelcB2nHi29w28jQ3Wy9QBjGDtJXqynAQlsRboUM3coRUSPv3GupJGWAy5uJ7Wtx2wsCitBkTXSgFcAWO5EigrUM4Abcu0g65HATt7htxSVmNaELUMKA/eMBZKhuJheR7XUVP0wIBVVFS3wwCL3ovJPTJ2qZHQ9chTANJcJXfLV1VaDdkajxGAz6yS4UIoV0AHaVjT1eeA5d7SZkE1w6yCvoFc8AxPERDmVCAAqKgA550HjgITNZhF7AVduRZjnQ+NMAsiWTM010wll3ekqhoo86YBqV7PerllCnQDXPpgJr2WkCiMGvy0BLVHhlQYCDKUopjSFK1PRyPDAaC70MWzdGT6D1BwGrWGeKN9w2AmpyBqw61wE3aP0CVO5KRUVFAPPARSFjMu4bUXNdtRVjl4YBh7WbsOs0zu5qAF6j44BcRyIGRmkXbSpJJr4YCTCFPQiSFqrRlU0zzNTlgJCMJMs7sJd9SE0NB5YAsgSYAbNrNmqmgoemWAq7aK5nZzcwwxyKwVW3ErTwB8cBYQmKJdszr31JACDMrqCa4DGFs9wGXuhB4EUI+GAy+vI13gM7kAHdGDRDgBw3kM0YiSN6n5pGFFp1qT1wDAVBtG1I6Eiprp9+AXe5tVdUBlYE+uhHXLAECRswNGUfKFY+mgwBCzRIwYBA1abfmHngEWKhg8dZWIO/0+jI661wE47l5VWVYl9ZpRs8hgNteQLKZDBGslPzAo3sc/LATMy9sSRs4kfJFFAM/5YAaSSl3ufqay7QjBiCFplmRrgJC875YG4VliqATkNw/ngE3iZ43c3KznIooBAAOtPPACeJOyqOpkRwatt3fAgHASRHi7cMKA29CiySEqT1oBgGXmMLUZo/VSpH4FHj1wEHl+tm7dFMKggSncAWXXbnWhGAhLbTooa0n2p8pfIhSDXrmcA1+oCMxW/c3MDnKooDXU06YB9pZmfbHGrotAXc0IyrWmAVmnl3RuB2mckuyJsK5fNXPAEife479XWUasQa+JUaZ4AE/0/dZ4I2ZB6SSaECg/hlgLBLu4jiV4UVGSm5syEWmVKa4CEPIXSpI0sIDnIBgSD99MAqb2CSf6i7tFVo6BSPUWIzoPDANLzt7C8YtbVlYFiySuCjB9NPDAKX3J8it3DMBRCK7VNQVr5jxFcBJ+Su+SCL2wIyaq84qWHjl0rngMabk1DW6zwipopoAB5CnjgISrcHj2ttqNOrh3uQooqnoT10wC8MvCXShr1GubiJqLJU0FNRrSuAx7WCVAePjWCAtky0Y0rnlWuAe+niLNAkTfL3DI+0Gn21wC6yKLPviNriFZNjBj6wvQ0ypgBRPEksj7HWo3PkQgA6A+WA3Dci5ZliciVfVQ5gClanAFYxzRiN3Ej5AOE2ZtmKGuA3Napbos9+jxqBRVUiufl1wEVS3uZFaSj2+QiMqlht/hQ4BqO3jg2qYpGFS4aIGir0P8cArJHe21xIlqksMD5JIh3EV1PTANFIVhcq81xKjgySMu0ELoAB1GAyRlWRYie3uYFUau4giu+gFPjgGraeHbM8wLhqDYCVofPwr0wFDyNtJcTdiMPBBKGZtuVCo8eoywBOLiuk2Whv5XkYhjFIiglQNKk1IwFverLIqyW4WK/QU3EDtSFTTa/gfPAAHKcdzIPG8tbsl7EaGNqB4zTVCdRgFpLyXg0EHJbr/2zKe2lwmcls325j4YCp9w25SCK7t5/qLKv+i5FDvaIH/lyeKeR0wHGXsIu5TGU7N9Tc8ZzVq/iU+B6YAHF8zyPB3aPHI0bRNSh1Hl8MB6ja3XHczB+rM7ljncQh8o2/qUD8J8emAdWW0tou4vcnz+b51HgM8AzbXD3SNIsIj7maigU5ZVpgFJbazrL3ZH7tRtRjQKetOuA2Ly8CiGOLci/PKtQaDQYDEs1ZhcNB9NISGZkYdD1wDM99YmgRzNcf0V27gT5eGAGkmY2lY5JGBSpplWhr4CmA5eL6RpSZ5p2RPUaUAp4VwB1ltrpTBFFIO3RleVgFFdaV6YCQSy7oglkLRum9SKKCVOdMA8BZBHRI1JU0DbjllUVwGoxHAwAaspGTBRtp9umAkt3N3lVUd18WYKulRngAd6V6pcAGY/Ky0aldBU4A1xK9jB3D6nYH8sAUy0PXrgExeXLLG0luiCnpaMsc/94dTgGzeSyhezJWYdXULQHoa4CT3EygKjjuIPmruqdSAMABbhnoxko5NCBUj/ALcBr6juzKCzSGm2ortG3PTxp44CUl7ODVEeQipAGXkMAqsj3YSWdjGKllRgAarltyOmAl2Z0iQwzoIi9SRnTpQnAN73YRwzSfMQWZOo8cBG7jSX07DsFAJJHplXSnlgNCaOEbYwrNkN21qADrgJve2qIvdY5gsJFBVTTSvjgAg2hjWkjqzUcEmq08qnLAbubm3jgDM++SppuWqjwGuA2s8yGF3iErMfVsUAAHMDPATjvLe6vwt0jv2/VHbn0qzDx6aYA/K8rdzPHAVQbyA3pUMoJptG3IjACu2MTKbGiaBoNu8CmRJbrXywAJpCwbc3ahCf5agCrfzGArbn80L2Y2O0HvSR6n7f54CVo77CsdW8F1I8RngGi9nJSERNRKNJIOpOVBpgDwKFHamiDJSkQ2gH7xgNzxyQRFolMOYyy9K+IwAPzkjVzulR5KPM/TImpIyAwAp0uL9kkknVY7eP6eExgL6akhiRmWFcAe0l7TTQeqdAADPJmTQU6eOA2slwGaJrRo0cUzJqAegPjgGytuY+2hKlBlEyVoNK7jrXAA+klZJJEAcA5EUQnAFNrLKUnTf3hkIiPR51I8sBo1tXMNyfQWGSn0kNrWueWAcEERg/I9cMgzdUBAIr91MAlKwtCBRTIQO0K7mPXTpgH+MnuirtMi20W7coNXYqegAFMBYrHHc2zxEB5FDPGxBBBXP7RgOcka3t0luX7UknRDuVd/nXOuANGI5YkeOISXDDc+01CnXKtMAe0doFFYlVwrDaGVirDI1rXAbXjXnRo4pwjOT6dwag118K4CvXhpoLs9+ZApA3SsCxkI8AuQwFnFa9wm2t2RIWH5xqRVT4jOuAUuozboV7SCNqrGoHpIGW7PU+OAyF5I7YB41EbOKKiAaDX4YBjs3VzL2pIWggGZmY6U0y8MAGDi72FTJMSkaEsxGYI8AP44BX9KaZixvX2MPlCjf4imdPhgGLfjhYQrfTQu4FQyEDMVGZpgLO3e3vY5ZjtSMN6F7YHqXKtTTAJi0SS++uvKTR7TtZpK5DqE8cA7a3VpciiRsY4xRFqCCR4jALXdzQDcTGJv8ALUNQADwHicBJ0to4opXuJN0rBWBNafYMBrZNazpb2qrNCZNzGdyhAOYz0OAb5W3jneHdfR28TElpYs2RuoGAALqwSSSAT/VyFQA8i0Sq0qQOtRgJCK0PbjqyLKNhIzCgmtQD8cAH6qzhuAkHqaJiGYrRgQPGhywE7i3u7dRcBGurRzvWNc3UdT0rTzwCctha83Hu7yCVCdtyDtljamlNfsOAp7jkuT4KU8fySrKkq7Y5WG63uYz+E16/xGApVkfjzcXPBB7jiSP/ANocPKd0kKnUgfiUdGGnXATm46yvrFb2yZpOLHqiuVFZrKU6q4GZQnAUt7ZySP8AS3QWPkFG6OQGsc6HQqetcApxnJ3fDzloSRGCRJHXMA64DveG5aK/jWOJh6/lqdtB1wHSJYyxqZGlLSBS0Zib0r4DPpgNDjgA91yBUhlBDVJA3DLXzwEBdW0JNuLlapteVloKqNUHWmAh3eEv3E9rLIjpUMFJoF1zyzwBTbQuVlt7lAu6ndC+I1PXLACne1tZFR5HuA6ggAVHhWuA57sh2kSS5McLsNyqpq1DocAVLCxMTQxRyMHf1TNWtB0HkcAUIVV4RAe3CQqqabgelD1wAZUcdplaRJg2a1GYp83h5YAgSXuI2YqT3ASWOY8BlgGTNdMrBSpgTRiNtSOlNcArOZmt2Rsi+2oWgC1OeAWLXk0qRiURiL5mBr6fPAZDDJcTdqHe+0E7zWhAOuAeitZN9TKN1aAHr0wGPbzxkxvtVCDtkViWzPQDTAL/AKZawqJS7C4LFjuJpTpl0zwEvrYlUiKQq24MzbTqdQMA59RDFEe/Mzt84dl1AFQBgAQrFcVnKlKdKbsAyBbIgjjQFKVWNagg9ScAjdTXGwGNdiA0SuZFPhgCLHJc2rNEGa4HzuwoumueAq7znJbRVjW0aT0irLUAkZZ4BdvcbSrFF+nzpOzHuTfMjBgAFVCKCnjgLezhJRVkidMwe7JTcRqMhgHb65FllBCLlypIJIAowyyp0wCKXd1PEipGO6FrNJvAUZ6ADAGieOtS+2RdasAh8s864B2eZdsBYJHc7duwGqgHqPCuASuo7NXjllZwUG3YjE1Bzyp54DUcFrK7yKJWiIo/crt9XTARnuFswLeJP9GimpIIJIyGnh4HAMQyySxdq3TaHVSHdW2muvTAQmju3PaSVFIAWkeQAGfTTzwBpZUt4REUKNT1vICWc/7tM8BGQNIsZkuhHb1IG7OjUrTPAScdlOz9XGwc70VmypofSMBG2jk+tEIuUSMj1gRaE+PhXxwB3tGjDyyESKreoJULl4YANuZ726O1ybaIgKooGJGh1ywEme+t2kLSl4VkBIKjdu8K6mmANILct342YO1aoSVQn/hrgJJFH2wIpKO4IcbjtH2VwEUt7YR9+ZxLIoIBKk5a1oczgCNLb2sKGMF5SQVAUrWo1oeg8MBlndK4Aa4ImDBVoi7aGtSCc9cA3E8pjChzLIKj1AUoNchgEJYIUlSW3kaOZauojcqd4GngfPAVFte38g7SxROjs8lw8hBzJoFHwwF5HZzySRfSxoIdoEJRtj76+oEnAPpYXISZ3EauFI7ejgn8VeuAUtrd7Dj3vXhe5vZ5dluiEMCAuZz6VwCtvdS3Vyv1du6Tr6RUU2160GAfWYs0udBHRHSgTIilTnXATZCIBGqM8popqwCqrHzGAgJBC4VNjonpYE0Ip5YDUErrKVlKTNMR233qpUDPKuuAms8cVy0d7IsKj1xbps2BNaEdMArccjx4uVMMQmlQ/gUlVrnlgJi8vXl2SArbZPG1No2jUUJwBb28u9q/p0e8yU3wslWOegHnrgKxZZZqfWAB5K7I1AXU+PQYBi2uTDD2LaM7XYrI4FDurTWmA3LuDkTIq7P8tXo1POta/HAJ3V7yPH28conAFfXJtqMz0AFcBYpKtx2479+7uj3sVUxKqMNynPXAHjsreRCY1jlL7QVNaBR/GuAIeH4+3dLmZSuxgSqEgAHoB1wBhLbSBj2xGvqoGrnTSuAZgsrGW2MszVlFSpCjaSTr44Cu5PlBxd1Ek+9LIrlOpqgL67lAqPtwCM9nx124ubK5C8jk6zQqdrZ6SDQjAL8jyFrKg4L3PaLAJVrBIorHIw0aNj8p8sBx9xbXfBTrMJXe1VqQX6ZSJ/uyjw/hgCxmaGc3/ClYL+Vf9TZD/wBtcg6lBorH+nTwwCkl3aX8TRmJ0VCS9tWksEnVoyc/iuAr54BJsEzDuv8A+2vRkko8H8GwCcUt3xlz6QUkU+uKtAR4jAd5xPvI3NpBZSrGqs9HlcUIJFACfDAXVybp9/1SsLZiAIkYkMv4TX+WArhFJBPKba1btJt0/MIBGdTgL61vIbeBY0tSqMe25Uijk6GvhgFG7MLoFQxLWiZ+rM5kA5ffgNvcrZyTrGWWKT5LooCVOtKYCgjFjJTarM61LyMSFp/jgCXMpFuGjlqTkkaklageOArmluIQm+KWR5s40jJAAGRJOAftIL1GXvW5Wp3AMQaKf6a4C1vIbiIMYlLy0UmFSFotMjgCxcbPNDHPyAUWZpRnbMFvGmAR+l/1DC2WN0JosjEocvvwEF4ySOeVblgFYblcNurTRaimAnFBNa5WxSharMwPpOhA8cAzb209TKZCVA0U5AnWoOA01ijqZkcyEHIFqAHrn1wE+4Yo1ilUFpMiPmr9vw0wBpBaAGOOMxzGg6U+NDgFpoLcyeuSiq1KVBqRgNuSoECMFVm25OANpGuAiVtu725Q4Vgdrqa1JGYywGRzIZI40b0xqd7sCzAaDywG0eplh3Oa1KO9e2Wp5YAMHIFWS0iTcwrvJXcCficBuaS7miAEQExNQ6gU+wYADRXEMbR3FyHXUBRTbnoDgCL9BTtyF5C59L57fLPACeW0RCvYUVIJMZqT91cBj/TSATyW8RkzCR5hQD1p44DB3Lo9wKI44htVwuZ+BbATesEiiJAwIpHICW3PTMZ6DAaG2KYLI0TTFhuBLZZZZDwwA7kT1DI6i5kJ3kgbfKgJ8cAujc+yn6i5TsAggUPzaDLAOQSXCkJ3Fbbq2Sg9Tp4YCQmuCxlmXusVJQkUPlkemAG1wsx2TQnMAAsoZC4zND8MAxacbLEBKoUbhU7kqdhzociQMA26y3EA7C7QoJZ1qTSvj1OAGLeR4R3kfarDa+YyOpy1wAHtu0ypbWpYKN+5BtpU6muAtuOtJLsFYGKyrrE3qK+JUjUE4BWbiCEe5uVZpVkMUm1gvq6U8csAO3tI4ojPFbkhXAik3k7HAz1yz88AdJL4zd+Be6D85fJixyIFOmAhLJclkSSI91zVlU1IA8x0wDscTMV3xpBaqm5yTTcFPTASgkk2PJ9P24pMw6GjeGYJ8MAxZQx/VtEJY4oSKZoNxPTM4BX3H7aTkEimjliRY5A1ysNAHWtDXb1wGRgQRi0YrHCjBY1ToB+Ld54Cv+u5KC/a1jJu4ia/UyKd6qP6iMjTAPJzNtyHKJANgu7SIosAYhQD8zADqemA3EtoJJOzCZJ2ahkJOZOtK4BqRO0Emjt13+lJg5JY0/Ea9OmA1K0MdukcDsslwCWiJ3t50J8D4YAEFiIyhhJkd1asT5s5+zARFhbyxST3SGGeAF1plRtaCn8MAK0uI5HjurqCM2bZojKC5Ua5kakYDV1dxGRkSOSOJmJSm1dqjT1dcAcXIMIhYkRzKSsshG/IVoN1MAtby3N0zG1aUlSCZkkCtUdNDkMBd8hJw0lvbMY4prh5KSA0Vg9MzTShwFB+r21iJWnjItw4SLcMyxNNoXX7cAYkR3ge2tIrm6OcyyGoBYUFa6a4BuEXghFtL2IywZpNCfD0g+GA3JPbWwInVpEAFWWOqDbpX4HAD+rvW3NCg7TnWoV886imA0sV+U7piAiBIYO5dqdDnlgCQWb7nZk7RqPXI9Q3mAcAe4kiiCqbnYqnaakAErqPiK4AF0TdqtsY4zbt6JC53lv95h44Dm5+LuuPaSfhrtSVzktdxCmhy21/lgNT8rFz9m3FXsI7yCv0U3pkDU+aJzof54Cis+Yk4ZTx3Jr9VxLnYLllpIldUlB8MBK+4hrWL6/hZfreMPqeBc2iBzqnUjy6YCufs8iizrJtuBlHcr82X4X8f54BVpCd8EihZm+eI/5cvmPBvPAK/UwuDZX+7tLlDOf8yI+B8RgFriK64+YF89wqrDNJE+IwHde0fdto0a8ZzBZ4yQIZS3ymuSufDwbAd0JrK0IRRsMhyAofgPA4BaSfj6dpVLMjbj3BShOeRwEJbtYZHQKu9gGYN81fwkA4Bi17gtDGAkyvQOpA9R1zBwHK3KXa2/0gEfbkIIB0y0wC8a3iQyyyyKZBRV7YClSP904Cyid4pWkuZj2pAFjSPM6akdK4Ccb229WebMAlVbpXQHAQjVhI8jXO99KlcgTnTASeC5u97SXTCOMCkQIUH+zACt2ZnqVdkRWBDmvwpTqMBKQ94MY7j6VlYU3UqR1BwBImWOTbM5kL+lagksRoRTLANRId3bEblmzGijPx8csABbB0DzIrGSpDEyUUKchRcAM2cDkrFORcr6mNQQAMAb6CR5FnDo7kAbmbaBT4a5YCruZxLctCsSFlahBqUO0fMCMA2zRrFqEZaZKpYmnQ+GAHGt7Ou61kRi9O3EE2k5da6ZYBhkmhU1k7FQFkUqGB260p0wEoLY9l7hFqFICx0IJU59ehwGpY3NXlDKabhHGQDnpX4YAFuJSocxyJEcu6zA0Pw6jAajt7ea4ETXbs9T+WvpOWpPxwDEVnaIfy170h03ZgUOvxwGuzAjGVN0YDbTENuf2YAHcgeeswCKhIi2kA5+PlgN3TSSwxJHKEi3itAGIPh4nAEMxVPppIlM5b8xmWhK6ZBdMASK2aBxFLb7pV3bmPyqvkcANlt4GaSOzWRs1pX5q9anARkkgVwGmUNkxgjG9VJ6fbgBXM5BjhRKSNIE2U2kVzzPhgLCO0NztEzbbejGfbVqAagUNTl0GABx/Nw3TCH6TbZwjYgkRu4UBIrU+GAeW/j48qzrutZjsB9W0gaZjxGAQ5a9t4pBFYNKbdwWTsmpBbpUa0wA7G35O5fak0hjiWrFloQo6VwDS2d2zF2uGK1ANHG1l6Za4A9pdvZQuD21kz2uPSzAeYOAWv+Qli4ed70Mlq8m+N1qZO51odaYC5tOO4m59u2bXVzPaQMzy91jSrkZgnr8DgFf0swymS1uC0RH5TlgQ1MxQDWuAI10sYm3ECYepidTUUIHhgBrycBjEcpMtAO3GcwAegOAjbvZz3ch3FiPVMiMQqbiAQBngJ8mIGu1h7bu5J3bTQhRkAaaYDOS4kLaMOKNJ51/Mjd/VlgKi3g5Ti1gnuqyxs5R7V/n3KK1A8MB1XGj63j3t5VktZbos6JKuwUHUE9PEdcBxFzY3UfLXdxYXURvFYh1gBUtTpRhp8MBewi7EavcS9mWandKqAiuRmSR0wGRctf2XJJD9OLmCdKC6IqCwGRVtCKDAWPKTs0FpcoFillYElqg5ajKtAcA5JFB9IvJXkgiZfUzRtQgUowywFMvLWf1gsLQlY4yjo5qxmjkFdwrgBXiRDko1fubJHcK/yxqnhTSvkMAb9EVyX7MjKopHuemZzqRqRgGzbmCFhcRRyLHRU3je1aeeAhfyXVtx1s9kkfa7hLyU25UyDU+3AIPy1hJZ25uiou5HLRbhVl26V16HANSXlnc/S7bWN2iffWRgVLFaE7qZadcBS8ty8tm8QsAsZmfapC7u5Ju9Va+BwFtYX6XlokgmZp1lAvIGiKFGJowDfiU09OA6X3PzHFT3Frb8FxCcZYrEACzPJLK238xyTlr8oGAoeXv14qFL02xMMikNL106A+JywHOXPuh5Iw8kJVHACW6FtwFdSOuAsY77kFtzPdRLFuj/LQvuk2U1I8fLAZbWsd9bEsxlVMyrEhtxzwDnpWGXblGF9JYlSXHWupGAo7Tl4YrmW3u0ENzWkYYegqdat18sAXkOItecV7VAYbmFO9bXoPqDeFRqvlgOPluruKZ+M55KXIG1Z9VlTpX+ofxwC9teXnCSFrV2ayY+pAa08vMYB9+xfsb3jStvdyCsi/wDJlPw6E4BcrBfE2l2hgu11U5Mp8VPXAVV/bywMIb/Q5QXYGTAdHwA4bv6ZDx9/H3bFs16slfxIcAG6tZbTbPC/dtZMopxoR/Sw6HAdr7M95JCP03lH2+krZ3L5iNuivX8J6HpgLtuUlN2UlKsgPrIXcdNQcBK5jt7na8UkjLXcFNe4B/uN0+3AAXkLnjg5uInu7Rh6braVlSv9a4BGbkQriExydwuWEmvpOmADcszT7ljkdWpkTTXrQYCbwzu3cULbjIBGJ3UGuWAaSIW8RmZAQ4LF8yyjzHTALxT2/fRraWW4YEERtULXzwDDSPeT9pKI0YJlq2Qr4YBmFjCymRwRFQlBnuB6HocBk0duG+pkiKvu9RNRmcwQNKUwBbS+i7IKRMoUEvuXMnxXADa8Zpt+yWKNskz9QPQ4AVzZzPIWeb8yUAbkampz16nAGjsHhh7UMRgCkqJ2Ifcaf7ZYAVlaTble7udyodqqKqVGta6VwBHu7W3kftbpIGJNAApJpTXAC/WSLpUhh7yvQPItCUU+PwwBmlmZwROUaMELtIAIwA5nzV3ElyAKkk7Qp6fZgGGuprOJWZDKW1CmoJ8/hgF47yaaMgwUJrueu2q189KYCFtDC5kkWWVCK6EkUHkcAOO3kd91tL2iT6hQVHjQ6+rAO8fYJBO1xJI8qZKkdKgk51wGXUlukjvdRsHAyAapqfADTAIWAnuZndUNSCiqU6eRPXAMiGdS6FZKrkQBRga4ByS0MCKDMzMV3MWNWy1GAdjtHe2G4NsYgBS2ZFa1rgDx2okQwRmMSAN2yxBH3dcAkLC6t5m7SRbgm4kfLlnrgAtYQ3HdlvXAC7WXaGarE5k00pgGEaztJ4miYq0DDMAlSTngGL+fj5P/AHFY4twUFSSpLH1DoRgB3r8bB241pLDBHvaAGlCx+YdaHwwFVc8s0RhuI+PYMTsChc6Ea5VqKYC34bnxdl7eIRwwSoVkjfMq/Q+JrgNXVxbTAxAqGjoEZPSTIp0A6g4BnjHtYbwNd2te6GBEhDKEK1rTpXAV3IXXDXU6wXM/5qFI4bcVSMKTUA9CfPAb5XngAOMVDJ6dgVxuQt1pTxHXAWllaT8faRxxJGbkkCJfxNkCEYHKgrqMBKbj4pluX5CAQF1qZVapGwZ5Vy8sAhBZ8JGu62DtLl3GarADp1yrgGeQHH2VnJNbWcKshBZ6lJKgA6daZ4DXDyG7mub2Ne5BKRIK1UEMAaHxpgHSFvr4WVoVWWNgblmA20fMLQ9aeGApOd41+PeacTi4limKwwIc5In1IAO408cA3xnKrfMlvaWs93bQoTPFeP2o7WSM03O7V10C9cBUczylvc3SjuxxlldpOynbIVfwhjqCcBS29rdclyDwc5IY7aNC9vYq5WMhsxuPUCtDgO5k7HD2kQt0LWgioAzHtooFK+r+GA4ef3DFb8cwluX+rluKxatVSaFugpTLAdmjcW/BGacPcFkBcAFS24UBFKhTXAcrccpI97DY8VbL+oWKqSrekhRmFJ6gVwFhfcpFy8VnezSbYLUM00KGhDDI/wDeJwDkF/c29q1xyUyRxTVbjIKsGk2jUk5mn88BNr83NtFdxKxdSah6Ln1FB49K4Cr5P3X9bb214sBt4bQSJLGum8igLr1bywB+DSM8ZNNdR9yK79TfIGVujimYzywDk9u0tiZLdgqRozHuCpEijIAr44DiOWlWCeP9ZhcQtF3ePjSoSSQkfOwNaDy64DrLbmpRAt7cIIhZqhLbipI25IgYEE1yGALac3z19PHEbRjdhyUk20ESPmBn4A64Ck5rl55ZX4y6dxEu/uI+bOwr1roKYDk7WO3u5Wa8M73QA+ntotwUqNKt/KmA9F4yzupbeEyzlY4lB3Od0oy0NQP44CwQvabopPzLd/8AmxjaKUrgCw8Pd8mqSRO0tu0gjCqp9LClBU9CcAb3N7f4u3a4imiaaKzhjkuitCwaTWlMBy/Hj6ecrwl0vI2dKraSnbLt6hWOYPkcA01hZe9IXtEhCXUDdo27EJco9CVemtB1OmA4jkuM5TgH+l5iB/pWYxwXm0iNiOhOlcAkbS4tz9TYsGUnOI6EnAGaeDkaQzloLyPI7snUjwOAxL14W/T+YjElvJlHOflbwzGhwCd7x0lmhaOtzxxzIGckVfA+GAThuZLEnZS5sJsnjYZMP/0WGAjdWqCMXtixkszQEavGT0YeHngL3277texQ2l3RoxTsTONxiofDUrgO84/lDy4P6fsuVSofbtXX450rgGL+Xk0jljlsQkqUUkEZ9KHocBzcjtJcGSPb6hSOH8RJGgGAZt7Lk5YZOQESxxRA99g3qSmYNPPAQgWcMbq+eNmHqVkOVD/TXXAPq8f0y3oMm1CVcHMAk0BK4AHdV5DIrsBmoAFB9vlgGf0+1Lrvtwk1CGkBrvGtfP7MAuZ42nW2it94BoCBsBC61J60wB7uSS429i1crt3qCtcsAOKDkVuBEXEMbgUY618PuwBpuIuJ5iBOsit61HRRoD9uAyLjpIQq3DhmqSKCoHxGA2k9wbecNvCowegbaGCfLQf24BX6pHdWFi9ZK7oywy6554B21SzuIG7kIlko28VrsfoB8BgAWttZtJNDYQBJUUttBLO1CBkPM4ATXu6VYDbGMoKuWXQqc64Cb3E94vbRJVRiKbRQbVzpgBzQyKBSqIQS4Jo1NdMAjElzyE1I4Ze0pK5Gm7oCTgC3kF8Lh7gp2qqqFaEKSBSlB44DpBxlvaW1o5t++sm0bWbaDUeog/ywCTWimWSC0kaIDOKGZh3M+leuAPHwNwoLzHuSUAdmyCE+JOuAZFlcwkSIxMKgFmFCd2mQ88AK4kuYKNHE8rzN6moCcv5YAz21/MEGxU3CskoYKctfiPLAMiCK9lRXZoLlFpEYyBG6gUPlXAVivwH1n+kV7i7tyQF7m2u3U0yBzwFhcxryFvJNDttpxq2i+nOu3AKpNDZhLi8vCke8ZOQqO2gJrqKdMA9fSCe0WXjIopGVgzPGQVABplrU0wFLynHWlzafVQ3bypnVwQ+19SDgKeP9KeaK6ue7czRrtEiNsVDpkaeHQ4C3s+c4uHiVku5GklLMlSATVdK+GA5G+5CEXy3fESdolCWVfUMszr1wA4r+8v7pLjkTvaU0sXQbY6gU6dcA9cX11aRxceJy10GoXk/CG6jxAwC8J5mZZFjnWeaIgiLaCH3aUbocsAxx9/fvfbrjajLtVa5UbwAOtMB2NobyS+S7ncI4UgxSfIRqtOowCV5fi8lv7G4hkWOZRGKU9JpUNQZ54AHCR3tlHL3pCIGjCiN/mLj5aCnh44Cv5TkeVi5N7SeJWzRdsnyeoVFW6HAWdjyC2yX1ik5+qmO99ufbFBVVGQGWATtvcFtxrw3F0RK9wPXPDUPERlUEGhqKVwA42PLSS3NpeKk8EipHMKgx7iCHDdPMYBjkGuF464mur9kvrj8uNVAjilkjObBajcT46YDnbKJr1FtpGZryJiyihYMdQPHAVNzf3M3IJ2XIDKe65LBnlToR+EjoMBf+4OZu7ews+GW6W4umVNBWgbPaToc8Bxt2tzPbmYtXs/5qFflJalK9BgPQeA5OY8TBHazPNHQCWwILBSMxQjWp89MAu1jeXZfk7sCERSlpFV/zJkUFsiB00oc8AjByHBS2faEcolRmdY0HqdjnuGmmALBf3nuG7H6mpkjUBIYYTVogviozX7MAXk7Eq62cF1Ibt7gIVBJOR6/7y4C2bjLRZZecvWe1sFVe+twBsnIAG5lHj4eOAlY3NlzN0g4sNHxiBkitEB2A/wBTE9a9cAhFyN1Z3F1As0h+kcrcHbtGw+mrBsiCcAne2M9zG16D34oU22K5N6TnoK0ofHAdJwt2htoP1aMGWWZUubegYAxDWmZBP8MBb3S8PDfryXt6/U8VsKchbzkrKgfIsvjQ5564Cq9z8JxdzcrfcbBPNcrEkizr6bdYgM2KkampNMBR8XFxXGr9QgMguHULIxMm1lz9NKUPlgO8ulurjhzKixyXEO1YreGjExt6gWOVWB6YCki5rkI7h0nQK8IVoEdfUSy5inlSuA7TjeTuu1DvvIBLEpkYRp2/SaFdy+RNMBlwsf1E0zWz3VxcFXuoSwSNkGQqTlTPAcjd+3eLv7+aDjH+n5XeXSCBqiMj8JagFa4Cm5z217gtJBPfwSRcjAD27+EDugD+oIaNgC2v7pR8hx7e3Pe1sl7CB20vBlGelXWmTDxGAqJfa8lvYyc9wVxFd8RuIW3aRWdaaAV1rgOdkFrf1EimO4Ge4VWRSPHrgASi7gjMd1H9ZZUzkUZgDxHT44CENzNYDu2jm648/NGc3QH+eA1LaRXaPecUQdwrNbdD8B0wFdDM9pIZrUlT8ssD55dQw6jATmtoriNruwBCKKz2+rR+Y8VwEePERmo9w1m5FY7lCQoI0BA6E4DseSuf3C4a0tn5m3kvOKdAtvMRuVozUj1Jn164C5sorhYXkWNJXIIaU0AzwHQ8JDzf0l2J7KBLOVO1JPtbuqsmVQRkaV64Cqufbe2JUkuHG4nYahQApoCB54BcWcy9tVuexGu4OrEEOCdTgBXJtNxjlvGIau10IICsc0+GA1G/GBViiuXdlWlXejZdB8MAwOUsbRlSOn1JFAGq3wNTXAZBz15LNWLclxDuSOSpJKEU200pgIAcsrlrkMyMC1ZF+YHSh8MAKCVo3e5eMiZagIp9OeVcBsxX9xuJlNvtoW3HUeX2YDI7aKSaWOWZnqAQalRn0zwDUdva2wRFjLSVI1JFfKuAhPc3AcW1tAI0YVLCtB/xUwDiW95byR3BKdkL+Yy5E10pTADFwZ2kkS1Gxa71aqsc+nlgGIYeQkAeGJY4ZFIBZtoU+dcAT6a5MKsYopnJPdatVAHmdcBNJuSmdY4WhiXOkaJQAjQUwDlF2oLkbZSakx1YEfE5DAWst5D9IE7Cz2//AKpIWg0zA64Difcl/DNeRy2yLb3sCV7QUtrmCWHlgEOK59rwi2l5BzLJ6Hjc+nM57TgOyRbO2VI+7Vgtd8jZEU0AOA3JLMis9iIaKQKkV3A/Hy8MARolP5zyhCwoyR+obadPPAJQ8s8LNDBJHPYTjNSAJ4zocqaHAc5yx4OGSSSOGUQwrSoOXc+GueAq5eenQQvGzBKbQjk7Xqcq+GAtrj2+b+RLuR2uIjGrRcearQnWpP3jAWNvBNxCARh47ZVqYkFFDHwFc/M4A/FxWl5FcSXAZbGWVDNMjCoetK7QcvM4Dlbsw8RyF5AF+v4OSZklaMgtExOW1vHxwCEEkZ5CS2gijvrd3CwRk7CPN2GeWALfDjV5OCB7mCb/APqXiBEcW4U2KVHqp1JwBOc4zkPbDRuWDWFyimK5jWqqTUjrTMa4BKyvW762Zbu3ElG+qcfKrD8NdK4BfkPr+Fnd7cNbEgoXDVVt2dCD1wF7aLNY8bxnOMx3sGkkRhUbjUAqetTqMA/a8/SWQECea3j7u0MaOooWp54Cim9y3MfKfqNpGs5kqTx8g3UrmSafzwF1a8xdXjJc3pAWdGktiuXbK5dvqCB54CcPHWr3yzyr9SHi3mSKR9wBHzBTkaVpngEv0WZZZLuO7McRXeDTcGDDr1FMAlzcfHRWzfQXKBxGixoSN5k/H6cAnByKWnFvFU28tyVMsiZ7ghqSANPPAI3t8/J3DXU63Mlum2O2aQVFBkBkKAdcB03tq+mSZZZ7RjcRqAkzg12nQlxlTAE5P2vNdLFynHMjCaTvy2oqrhlelSDp5U1wEvcPF3klxZG7tURIFrKY6bw6eqrHrUYAkXt2y9wzNylqJGtim57ZANsjKaEnwPkdcAKwnuuAuxaXtuIngBa2BJUmtQQ9P/LgLDkpl5Cyto0uAGlmEl1FCu55EOVB1BFTgLnkkhjsls+Ns4OPRCIrcFFeRkB9TPKQT5EjAc7eWfPWYuuQhltxe2HpmeJBuaGRa7w1ACARtOAnHc/Qcja3iIrXk8W9boxkKJHXP0mvqFfmwGXfF33uCO1i5Qbise+WEkqRGSRvBrnpUjzwBfb3A8VwsVzeHkI4pZ0fZEWLqif1ITT1AdDgL/8AXeFhtrs8jsa7Ft2Li6kQDvpT8qgrQtpgOL9rcrcz8ovF3FpstjWOdkqSjt8j00yNK4A9jLyEivZWt3bwdruG7dgEZnqVAJOeeAsk4JBxoeL6e9ClPqRFIQwWPPYBrnmcAOWWS7DwwXVzZ8XKrIsPcq4QAAsyjUdKHALx8ROkEKWUMiTzlliilK0yag+BIGeA7oHj1jto4GWLm7iHfdJAweJBGDvMnQUPhmMByfM83xcnI2F33992UcSmI0QS6bySCSPjrgLVbnilsor7jblku4FKzJINxdSakknx/CMBa/XWp+n462vk+r5XKKJTWSi5gBiCMBe3HA2/A8PJdWaGDlJWDmdyGl3f+oehavTAeX/9c8pxTGz9x2kskD7wtwCyNIQTtIB0z1wFVynEcT7hiXkLGRYbmSgaRc0L0qQ4/twHJBeX9uXnbDNDKCDtruikANQRXI4DpeQ938d7mVG5+wW05hV2jkLQCKtBkWUCh864Ct7t1abzMpms0IH1iKTH6tA3QVwC01ikn+psJBDMc6D5H/uwFX3pIJ6gfS3g+caI/wAR0wDhMHJkEkW3JIPm6NTx8cAhS4tLjelYbyPPZ0YeI8a+GA3IYr1GmtkEcwzmthoaasn92AvPa/vj3LwriwsuQRLSQFBHeoJoFrlUbgSvxGA7SGaaeOQ2kB2gg+rKg1p8cB23DxXXJ8R9DdTtZXWRhkQFEKHMVGlR44Cm9xwXUN7a2V6So7VElSlHNakkjpgOYvbeCNwO4XSu4KrBsgadMsAN7Sw2/kkPE1C6VCvU9PLAKC0496oYWVUqC6VLM3QeVMAfjOMs5bqNZVCKGBjEzFdxJ0JwD1yLixuWgmUlmO6lKHt1oTUDpgFZrq5kcJFK0u3UEsSF8POmAJ9UJoAsX+dE2TEHaQfEYAUE8BuY6K7yuwBLA0rXovXAWs9iljJ3ZgslzvKiFzRq18PIYCZtb8yI0bJHEfUqjMg10ocBlw19Ex7gePdU7lAIK6UpgDQq5SkUUzyGjBTkKeFOmAJI8ixBygi3UV0BNaVzwAzczdtUVVCE5KrVIVepJ8cAtcI07uEl+ag7RlCAL0AwBJLmOxkjQqSamn5ld3UUI/EDgMk5xUVLZy6yPXeWoVamlD9uAsIrmSQLZUiuIGG6NpDsFB0Zh94wFPzAma99duqLIv5Jiap2xjM711wHNXRM8X1L28ayQNujuQKSVX+oL8w+IwFrBejkbi15WXtutshibeCkRlOjBetPDTAXcHK2gRorgBbpKq77TR6gU2toK+GAtIHtl7fcnZLiYbooSVUNQ/KG8xgFeTFk6sbft/WLV1lR6MXOW1hrr1wHPrFb8hamzWQCW3DNLNT/AC92o6g5/bgKLkbKe0gE8TieJDmxT1EAU/8AD0qcBZ8VzNwt9E88hN2yDtxVqj0HpNdCBoKYBnlpeTim7NwwHeG9KkrTx0wAeGkngW4uGegdCUaI74nodpy0FOuAzj/cNjZ93iL2Im2mYmVAoZQSa7q9TgKC84uYcrOOBvUnjnBKup27lYepM+uAtrL2pHHBHdQjaI6tdIxLNUDPbUdMBYcRbXNwbuO6ue5Y/KsFyAWkGo2hsh8cAlfcfx0V0s1ndJGETb2dNlDXcKnMgYCmveT712AGW9sJlUFpEJcMuVRTrgCTcxcRKtleRuEiTbDboKAK2hpr8MAa2a34vkuP5K4ujB/zYWKb1bOjK4HiMsAW746aW/XkrGRFg3PIkkAq4LGoUqR1wDvFx8nyLvaWMLwz0cysiiNAjDOpbJa4CUtvc8Bx7S3jSm4ffGWDLKFQaJuWozrXAWHELe3vE3ssbG5WAbBPEKZLSq59SDrgKC34LiJbwxWk5vL2Jg7qhoIiMyGY/NTAO33D8DawLeQXSm7kqIowS9usgNXYDLKp0OA5vkeb52/jFmbxYrS0K9mGGkasNKgLqcB0HCXNzYR9y3nE1y8ZKLcLtRcq0r1GAN/1ZBc20VxJxyNtJjn+naRH7i5k1zAGA6N7aTmeB/V7VnW7hi2KrAUYBqAtTVqZZa4BL2lyFjYx3KLeyW63CbSZh22BYkVAUGjV0rgHLbjOGvbWLj76Z5p5zLHFKGKybx6t+41p8MByyW9pxN3H3eT/ACKsrtbhWkAXLQnp44CXK+5rPlrsSWkUv09lEsazuSAwi60GVSTgFv8AqkujwxyvM7xdtiQNqhtRUa4AEt2ruqRRSXVwQqSyIXZwwz3AaZ0ywHQ2sdx7iSK6sm22W3ZeXJDGdHGpIFARlnTASnvOMmaCwt7BriC5BMM0atC7SR5Mdh1UkZeOAe5hvccVpC3E8TDMsMZadJ0VjHISPlBFK+RwGcRbc3ccMnuHkbm3tbhbloVLxLG8wUgExkdfwjLARks+Lt3nj5GUyw3bMHvECiaKdsxujHzKT44BS14CCwhime6lmWGolktzRaE13kakUyPhgLpuMbjbyK6Rv/2ZMigNb5yxE5gtr6T+LAWPI8hYcTOWba306rIt0CSzmQZlVNRkMBUcZOl1y1xcJAstrcQue4q7QYiaselK0zwCvtvib1Ybnkn+lntN7rBLGqmQqGqAa/hr92AdvIrf6O946CWD9bnk+rEqJvLd4gGJRorefTANwbrLkbV7dbdrqKOOPayCoWgBaPw2ipwFmOWl5xmsY70W3G7tsV3ItG7gruBJqpWmhrgFec4e7n4+x4q+eHlYr2RYor2IKAoNaFT9wJwHmfI8ByXGXd3Hwm5zZFmuLWNt0iRoaFwPxL44BSH3DFyUD2vKoJVkIHcK/wCWepyzwFbJYZt9Me/ECdsTH1UH9DdftwBON5TkeMWWCylLW0ylLmxm+VlPQqcsBCSe0NG48NaS6yWcrVjJ6lCdPhgINLbXy9m5WkoGVcmHwPUYBK4tpbRhvrJbg1SZfmT+7AMi6guohByBzA/Iu16HwOAUltpLaUCY9t9YLpD6GPStMACYCZyxXt3Q+dRkreY88B6hyHP87x96qRFEkVSHjjRQoXWh6E4Ba1908tLdr9QtQ1fWoIKkj7qYCm5D3HzJS5s5pGkLsYzM2biJvwL4A9cArYW3Ivay0VtgUstACR516YBdFvDGSqu4BG4VKkk/zwFqLS5gtwKTK7UIArSuAaghv5jEkisWbSQj5fM4DtOPtTfW72EoLXEqdpLoVLKx/qBrQYCsu7njuGeWKV+5exntsi0OnQ+GAVXm4Y5VraERS/5qgbtoOpGAu7UcRG6zSyDdWsQoNysNNMhgM5LkIbjbNcJG1xUuSR6mNKA7icgaYDn3vY45RdG8dZWoVRWqtBqM9MA8/N3hDPTc4O5a5UFOtcBkHIX3ISCITiAMQTsqT50ppgC83d2f06wKve5BaBSm/wBRByJbTTXAVsloZ3VkmIYLteJqh4m618a9KYBqy42yVKbJpncnY5NFB8/7MBo7bMlp0j2xkE7qv6a5kg9aaYCc/KWX59jb2jxyPG5ik2AqA2aujHMCuowFPxPuK7Xdxl5CktwrUeY1GdRSlBQ1wHW2FtFFO0UtvsjkH5gDbkKt1QdDgEPcPts8gUmskWOU7u5Ez7du0ULErlgPOJ4LqyBDMTZlwXoa5A03KK6fHAdHxuyUxNxskj2chpMZCDRgeinAWEV00s5tmltZrvu/kG4p26HpkQK4Cy5W53ECSyWK82KpeFgQ3bJrupplngKax9x23CXIt4LTdasXpLMahpH/ABtTUD8IwCV9zD3VzvSr2vqi9IOwqx6088BacLIOL4plmS1nkWStsLgbWEbio2sM9a1GAajvGuZ2tRCO+yGR45H3Ciip2nzGAquSvI4LZv8Ap91jgmkJuVkpWKTINt/3CcBXc3Ab+1hvLVIzMlVlaKgZtgzfaDkMBTRW09lPFLCSbkUlaKRTtZSMmUg166jAdJxhFrPLFDfSPC6FgjEGjsNxGprngE/ckgnmjvIGkIVFhuT4MRUZZYClm4vl1UXMwLQvTY7MNNKk9BgLJeIuLezklW2kjii9ZuFY+rx7Y64CFrO98I9qCe9lIUzSV9CqcttNa9a4Bm7obgyXdq0sKne0HypRfSWAzNMAWX3NLHGI4QNgK9pVAVUC0pqK6YA0kl1PBdXCS9lEXe7xsSCH/CfA16+GAnLIiQ29vNNJWeMLdsp3QuV+Qr4EjLAXHFe5IbDkvpbK2KWMKsb2JmquWZqfAHAU9lNBR73j0eG45OaSFZowKKCc610GeflgMa2ThLGQ8qDLdzF0sptge1twreo+BZqenAVN9zZlhtod0c8yiu8QxpMpOgquv24Cirdy3LBZnBjr411zCjqcB6TaWkvH8YsjTwyXDKTcRqmgIFGJpQuK+oYC+4iaWLgbe0EQhJkd4XDndu1rSmdQSRgI3dzwl7L2Lnjws1vIjT3jkRktT0mtRp4YCovIuHeT6prnfbbmUioEofqQwJBwHKfoUa8u9tEjXNrcOVtrkHcNzCqgkaZ5HAV/08s0r2iy7bhfmtR6SWGRoTocBf8AFexr5oHurlgyEJGtjC4V27hy7jUO37M8B0XJz2fAwQE2LW95HK9lGEdiWoooEY664C9tLTl7aSHintfoLOzKSieLYncWX1HezZEEnQYCq5vgZuZ5+7v7xbi0kMUJt5rWRVt43Q1QZdDTp1wFzwFzfWz8sJOOlvZpSIXllOwxySGo3DRgNd2Ahdi7urWwjeVIreCQkNsP5bGpAXcKAVFa4DluZ43mLj3ZPBPZvcxW0YkhubUhQyykbXc6E56UwCzw+54bm4Sy46eRlBjaUkOsTDUNTLMa4BiPkeU4WE2Rs7sXEsXbluQhZHGrUU5UU9fDAUryX6clx8l6kt1bcjCPplVjHRHJUBRmMiMB6JPZtxlnBZX8ckto6CGMIfzEUfiDgekgHrkcBzVt7c4J7+b67mzBxsT7ba1iYh5CQM2AyBrn54C14v2lwd7d7LW5voriNi8auylZDqGLjOOuAc5X9s7Owlj5XnefuEs2Ie7twCXbcaDaw0A/EDgLbheFtIIby2FzJdcTM4i9XzQxstUopoAowAJbex4n25excJyDQG3n3NFLSR4y1N20a0yqBgOR5bi7e54z9Xa7uILws7rcrE0bEsAtHevynWmA47krCa0uhF7qgeymnRWtORt0GxlpkWUUDg9aZ4CoMr2zlDIroDRZYySjDofEfbgDmcXFO6vdpo3ysPgwz+/ADmUFfUO/EOhAWRf7/swCrR7gWgbugD5GyYfA4CVvyEkZMcg3roynUeNQdcBOW1SSMz2NGjb/ADISaj7MAG3ugqtbyIZYD80LZsvmuAhdW3bRZY27tpX0Sj5kPg3hgPf24r2xb2xtryWOaS8kpFK9alga0J6YDneXj4/irma12xRigkQFq1Q+BwHM+4pLHtRx2SMn1B3NK60JQZHIVzwDthyVulrDbgjZty25EgdCetcAW5vIbRTDLWK4f1KoUMFHTTAMWkkMqtPLcCaXaGJ2HIDMgHxwDE/JRxcfM9jHUekvuBL1oSMxnngNcNya3yM8Nr2b2MBjJmgIr1OhwGPxd5cXV5c3MC2/GIDcPNsBbdTTPWpOAUhn44RlTLtEo9Jyrr1HwwDVi0buYYIqOQ2yVoi4YA0JHlgEue3cddRRJGHkmA3rmRuIoMq0AwAjwrWNmt9eAM+pRjkS2Qp8MApBw1zM6Ms1EmNJQWqoBORrgLuOxuFvoLaaRhOfS3aUUp0FBTAWlzewkywWsAkS29DF5APUuoBGeeA8/vprqSc3FpFLDMJCQoOQQdB44A0XNkOphhlnCgmZS2hGu0VwD9t7hS7kP1JSKQUUxTVo60yAWmeWAjyMVzB2L22nZbK0pJDnVlb+mmoU6Z4Csu+Tjur1Zbu2+ld9pRYj6DVszlnngOjtOYmgvk2MskUdYjCw9Xp1pQ9MAzy3K1uAqTI0cwAMVD6HORDEa1wHFiBZp2sZpHiaVipj21oK1UDyrgOi4eOx4pWtbu+7YnFKKNxDA0rpTPAF5mw4tZoBPbC8ickC5tWKsRqC1PDAI8beRfUiEq9kZKo0zvuiaAV+fd5YDXOWrMe9FEjI0YEcsbAouzQ5aVwFTx8XIxyRCxlKzupKxrRkzOe4NkMBdyGZuJkMlpFKnc2lC1WEZ+cofGumA6GaGwteAtbnjZO+Y4+2rS07oLH5ZCM6r0wHG3XHPdvdP3VikZS0EhO3fl61pkAD44BP29HFbXYnnnKrAGLVGRqKFfOoOA7P9CtL/j7W+F0bfkLaPbamUKUaEZhVFRuOuuA6X2/7H4TkTHdliJc5Tas0cUrE6FcyRt1wC3Pe3PbPEW8cFxwV6trV5JOSS4VjIBmQ8edP93AcBNPbSwzsBJ+mvRbU7NrIlampPhgK1OXkRZLe3vJGiWvagcANnlUMD0wGWUazWpmihYSQyKH2OADlnp4YCw+gMYkecvHFO+xY91ZNpHWvy54DOM4GW4vJeJs4o7vewMrgkuoBBpU02/HAdL7m47irRZU42L1yRiAQKp2NLEKN2+rEdRgOZsku7jjUtw3Z5NGWK3hABWQE+piugAFM/HAVM6crx8UqSOjyytSeBXDEBW1YDStNMBaXFz3bC1423EcNvbqZ++zFULg1ZBXOtcBU8zzcvLRWvFRMq2dou7ex1kOpJ8PDAV1slvbSrcyyqEI+QeJqMBbC6t54YbCwQd5nCpsq8hLDWpApQ9BgDy3M/APFbXzCZ1oJVX8xYY61rrQudfLAHuvdvLcrKlzDdQWlpDlBFmuzb1J1LHxwFrfctb83w8V5ZwIbuwZfrrt3Ox1OjMpoNcsBy/K8rbvcqH7Ewf1D6UMqrXUkEa4C/wDaPMpaEmy44X4RlaZGc7VIqFenSlcA5y1nx/KXycnyatBPdEkSQ0UxuudCppWtK4C+4n3XxXC8HKYyZZY3Mk5lChm2ii7BqTngOR5f3ovIW0VpLCEmjlaWhWjes7h6jmPswBYPd9/fMY4VL38NEUzSdyAhdAieIwFovui8vL3jjyatyEFpcLV4EMIZitQtDk1D064Do5/c13f8PJcWcQVbiqbZ6q6lGPy0Na0AwDF/72vZ+Gi4fbbW9wUVV2LUSkLXIHQnoa4CtvLrkOSisG4uF4+YRAl3eox7TRprvzpUDpgLL2k1za/WzEyXV1dSDuejsCCRP+Yob51I1ywHScN7mdLS6hv7dJ7ZJJKSbN8m58iSF0BrT4YCn5m9uOPhtpuLtEExlZWEabnj3CoKKQaV8shgLO09y2s3CR3PJQxb3JtrwBgzMfwsgBND44CnHtbhOP5MSXTot1IVurdi7FQi5hQw1oc88Br3Ny9hxcs0Kcjc231HqKW6IYwC2Z3DM0wFnw/FcjPbXl1d8jHyMMsQlht5mKsGIorkHRqHTAMScxxVnxrici3kWsLzKe4C4FRvA6jAcpY8dAZbm4s5JF5Jna5e8nNYptnrKnPw0wF3LfP7g4W5SWEXFmp7h9Y3la5bVGoBGWAS57hOOv0suLvZZr6CeFGhtol9ULBc33P6s6GowHmPP+xOT4U/U2atNaSMVjiYVk2hd40yOWA5ZWKtSpiZT6o2FM8AwZiFLbK008cBHbFPWSJtr/1A5jAQlUn/ADxuppKuTD44ABM0FZI2qP610P8AxDAbMsNyQs35U34JhoT54CSSTW8myUBWbIsc43H+8P7cB66sEM000tyiPc3PokCFu3HJSo2+BrlgOTN7DJM9lcgrNQhYpQSBtJ0J0NemAs5o4uQtrNpIo4bu0cLIQ1Ukjy9W2tRX8WAd5CCD2/bmK0jhnS5TcVYbnXea0jGe0L4nAJ2EKXS94RIrkCikFxn0qdcAyGkRvy4dgjBQlwEqD0AOuv2YCr5S8u7O57PHDtrAqEutFDVzYtu+7LAX8TzDj7f6SVriSb1uTtC0Oeo/hgKXm7+6uoEs+/KjBtzRM1Ffb92eAlY2tosT3F0qjJQpOVG6ZfzwFrYcnxnHWhhiv5PqnDERsDspn8tflBwB4b23t7Vn5ydRFAVkVBm7LIKqFyrUHAc7yXMX3I3iXCQH9LiNYhQ7AutWyp92AZm5iK2EUqWwMYjAZEqC1TXr44BW592rCWuLUyG7ePYkLDbsc6GvXAJe3J7e2793y6PJ3TVpCTuLE5BQPvOAvYZUa6kkkUQliOzLTuJtOYFDTAV3L2Esc5uFEVqY6kpDUmrakg6hsAtf8txXJRxwXwJMFBWIBTuApXTAKr9PdyERcp9NEybPzlNDt/CaaYBk8ZHBZRXtvKJdlwD2yu51YL6anSleuApe1cRGW57xW4kancjrtVyasT4DAPfTcmsJSA7u3GZZDWrsuhPw8MBPiln5WVLWhLE7Y5aVKNXPzp0wF3c8jxxSGCW1k7NqxR5GXSQmhJ3a18sBz31/HfVIsdybUQs26u7ayt4U8cApyFuwuXXuBoAFKIp7m1CKj7BgCC6njjNgzyKJAAoK03HUE4B1IobFmkdY45e0Vkj3H5GXNv8Air0wAUZ+yl1ChO2jHMlTQZClaeeAbuL+eeSOO1Tu3UkZ7kObCpFcqUzGAWurm83x217ZFVZA0Jm3BxEPDxGAFZ8X9Ssc15crDbtWkTtsIA0NBrXTAdDx0HJcffWXHyKUtZGJSeRC4G7SgbLIanAdHyXvKDi47e1uJhPdULGFYwCK6EFaMu744Cv5j34txbSWKCSJ2RC8coDBhqBQE50wHLWd1bc3yUNtc0NtQlVjqjb9d1dCKZZ4C7k4j21x8CcnbH6mSAMHs6gne2RJOZO3w0wCg5g2EZjt4YJWK+l0Xao6gnzwFY9za3vIrJLasqvQsGlIKuwrXIZZ54CztPcFz7eMqcfLZ/XXKA3F0pEsh6DI1GAQ5nlOV5W7tpVvTHJa0VIYvUSx1YKtAK9cBV3XJ3NpfSz27Ik0ilQGo22vzUplqMBWolzcW817bgyrE2+6nY0SutM6VrgNy3s17CFWEmIMsrRqpoDoTuPjgA3q2xC/TyAGYsZIgK9sqaAE9cAOD6T6ZzdMe8tRFHtJ3167ulMAay5F7N45rLZBeKRS5r64+lUGg+OuAHyBNxfSfnd+U5zSj0qX6tllTAM2HCXfItshkRIgaElqZakitK0wF7e2tlwdn+nGd5Yr1UaRFAjDspqDnXNScBzxYI009gixJEKP3SO5nrSv9mAbt+ah+laBS0DvtFY6qSy1zLChoMA9YxS3dst1ezmS3hcIjdwbxlkQDmcApybxHkgKGO0NFZdK7hQnAblhspxIbyQiS3UpFIi7gwHygjXLABtOU78qRSdu02UaKVV2negyJ+PXAdVZ81cW1pP2RFMSRI5C7Wiao2sAdatUVHTAMxNPGLXk7eEMyy7RHXaVLCjOVfUeDYBg8XZ8zZCGG4VuRVgFMLM0Y7W41dicqjWmAQj9wc5w8toRMttaz0kdQocIldpy1BamAvubvL36aTkre+i/T7o9pYSWSXuFaUAI8cBX+zvd97xqy2T2jTrE1ZJ3Zqxk1r5GvgcBaXfJ8jLNF7l4y8LxSAwltZFlFQPy8/gK4Cyslii4KK+5mCEGxYy8jDbBf81TVGdRQAkHQZYC856/4C/sbSV55IbLkwphcKCIm2+kbunngEPd3Be3L6Ky5VJ+zbWhiW4SNwYnZV/ENRU9RgL4e5OIhiV7uxS1sJ1ErTD1fmbQvQ55YDi/cMycigS0s2nu5pTGVt2UMI4/xgjImnjgKu/ntLEw29r31uoZ45XtJSWVtgzoR1NdMBb8TAvG3M93bSTLbyq6LZSBSFOW7U1GZ6dMBYcpZ3kks8PE38j8raW6m7mIDemT5Y0TUgVpuwHOTch78tYE424sIrua3P1dVzuYaChJSuWWArLY+yvdcsw5u7l4rmjpJIoVNw6Ega/HAU/K+zOT40ST2MsXJcepynt3VmodKqDXAc8yJX1ApIMj+E18xgMrIhNCHWuY/FgIloWYstYpMvgR8DgBXSRQ3EiJR7csQrjNWXxA6HADWYoCn+bB1Q/MPhgO9v8AkZPpVME7C7jyudmQ8c9NMAhynMCe4t7q5jKOqKZiB6ZUOpHUEYAvHchx19Fc95RJdRE/Sn5WZG0OXUYB+45NbXjIow1bhfQzTxklk121HTALf9WJKoj29qyTaDb242swOTerpTwwC/KcikV4I7VHNmoUxyTEsG9OYr0OAr7++nubVbt43rKSkizZqFpVWUjywFvxfO3VvYwrFLuso227XBISg1JGvwwFwFflLFg1o89maSISoV0Kn5h5HANtY2vI8BL27dY7wlxadupbtJTUn8QGeAoPb9jdTPeyEG5lt4mCAmh2DI7VzzAzwD16IJreO9ljNzYRBT6fmklpQRsNRTrgKqa5vba3bkuXj7UTur8dxu4hZKZV2ihCjx64ANjYNf8AH8hMwlN06m4gUVRU25sST0ppgKGKaOSXbMxKkjczNQAUyr40wHQzSxQ3FiXUJZRx7onkWisdcwDUDAXXFXkd1dXCPN3IEG+uQURnPaMqmmAHJFx/OFbggtFauwmkDkI0QBpnlXPLAUDD25b7V2ShjQSRMSOuZDUyPxwFuvF+3JYTdcVM80W4ntXS0ZWAzAI/gfHAWnCQ3CcddGRleaTfLG7L6VgjIJLeeWQwHM3N5dXK3DJx6vaO5BljzYMdCCKYDInMcJS4EcLSIoMoJMoqaEAA9aYDVvOsV/xkPHo63kc7DvFqJ21IPQffgLnn766mvGW3hjnur1+xuT1osbVB9NKV8cBSS8Dd3EDWIs1hgjkIWeQbXlkjFNW6eQwB1ZOEuFhmkE97JEAysPykBGhPWmAqZ4eTSUVOyaQ78yG/LOZKn+mnXAZx/GRXMjvP3LlXV2h7RBEjqtQCTnTqMBN/pHa3inV+4pjDWi1Sq19QY9CfLAauU+p5CU8JbyWojUlI3fdtKZkK+p0ywFhw/G33uZ2vLmWWCeIUgeUkxkqOobMD/hwDVz7T5me6hs7maNG2dwyqD29xam3dlnTPAMc+00NLGB2u7bj1VBPv0ANGUE5hemApvqLa75K6dVLW6lREzgFu0PTQk/zwCvMWplmWWNUjJ/LEcQpQqNTU1NB+LAI8YhFwI6fKfUBQ7jmftwFvY8wkM4Fywk7x2R26qCIzSm5jrnrtGArOR5IGWS3to44k3r/qQCrFhqSa9fhgExf1Z0f5X1Knquh+3AStJ1fkY7662iOBlZk2/MoOWQ1wF5YW15zj3V7J2bKxhLSvMqlU9ZyJpWvhQYBflr/21BbQxWEQvboqRLIwMMYPUhBp5Z4CgnugyhEQxxCjRoWrT7NMzgJLyd5DA/Zd0kl9Mrg03r4U8MAJUcQOSAHHrqRV6H+zATeLtxLNuHrHoVfURTU+WAsbfhr25479QMsUdgr7fqJWWNCx/CAcycAE2u2cd65haNKAyRkSCQDOgAFfjXAOR8qhgm7IO8AyNNtBKgU2ivRa+GAqr64m5C4+ounNQoVOuQHhgJcdYtPdqKbwtSEIrvamS/bgG7+25ORDFPAsG5vy4olFARoo8sBZcPZw3loeNQP+rlqm2ptyArVOrNTxwALuZLdEWVFlaMbEdsirA/iHiMAjcilqYzIRPKTK8fyIi0yNTmxbpgKy3WWVwikkEU8cB1ljFDBaPaiN/r3UbXzJ7bZ7TXwprgN8jLc8m1u1u21LGIRRKtTuKGrO4NNB4YBiG8jjHe4udpWU7blabQ0supoD9gwF2n6Ly3EXELyMJUjiFxvAj7KRsWqp6mutcAKzt+GjW7+qv5GsbHc1nMKSB2fQMNKjAT9s8lx/Hy3CT3sMJviKXbqZEdBntlTw86YDsV4Li5LW45OK4uLS4lbeyRUe1YlfQ6kaAnAcjzU/I2s03H8rPE9xKA+2HNp4GG0AutAcs6a1wFl7CWFuLvYZlW6uYxvgtrhWD9pfxKrHOmlRTAXHGcvxEliZOR4/ZeLKyNK254diZqpQ0oa4APua6tLrh47oqFi3t24LYgbFp6gVYD7sBxs/AclayLecXdSPZSoLl5K1lqnyxso0ND9uA6bin4YcXv5+b6ZlcPBLKuasynIk0qQcAzBb9qay5WC9a+dbSQVkUSRmMn8VchVcjgO94e+9vcpYobS8l4nme12hdSQLKkgQUBoaMKeGA5DnLHkuGlmvYriK+vpFVDcW4IMgL7m3AUIqMBwHM2Nrzd6WuFhtZHRit3DVRvU/KwNa5a4DmFfmvb0q3FrM6xGojuIq7GU5HXLAMNzS31ZL+3jmc6uvoc+NaYDHtLGdd/HzmOQ/NbXFAR/wvocBXzK6EpcJT4/34ABEgB2MCtM0bMYBZtu6grG2tDp9hwHdcjs2w7O12vpDXZpXbn3f9/AV3IfS/p/H7q93sejXZsqda9a4APt7v/VxfQbe9v6bdPOvTAdv7o/Uv0hf1ntdrur8uylP+56vhgOLj+j+om/Sv8vYfn02ddfPxwHQD6b9Dl/Ua/S0XZTbvruFfOvx6YBG3+s/Wpe9/wCy2tXZT6Wm0baVy+WmAuYvpf0+7+m+k3VG/drSo20p6dcA9w/6n9JL293a7Z3ba7Ntc6bumAd4D9e/UE29n6Dtyb9mz/M2mm6mVa4Dkrf9e/Up+13PqvXTs7d+7Pdu25aYC04Pv/pF99Nv7vc/L217m/PdTz+OWA5vl+79Nbfq276rtts7te783pp0pgH+O/Wv0S67Hf27Gp3Nfptvq/7vhgOf/wD2RVPqd+7t/mdmld/TbX+OAvbb/pbsp9Ru725d3drXUU8tMBf2H0f03I9vs/SbD9Rsr3+zXPZtzwDdh9B+l/8A7B+np/ye/Wu3rsrlurru64Dmrv6n6y4+p3bKt3e3t7NaCm3zrrgN8Bt+p/K39ruGnd2dvf516YD1COn18G3s/Q/SnZsp2a7D/nU6eHngPIo/1f8AVbr6fd9NV66drbn8tPT/AMNMApL+i/kbu79X/wAzZX5q51/twHWcd+nd5fo9vf7LfQ1pWv46V/HTxwHS+1P0TaK9v6io7f1Na0rnt6661wHC++P1L/qS++l7vd3DtVrSmX+XXL/w4BS83bYP1Smq96lO5vplurnSmAajr9Tx/wBb2a7D9HXdTbn81OlPswGch+obrf6Ds7vw9n/L21+6lPDAEvez3Ze7T67Z+Z2v87tfjpX+FOmAsUr9NJ+nfTf5cdO1Xf2ulN3Wld3XAIzfX/QZ9/6zee1StO1typ0p/VgKs/8AU/d9Xe2bH+mru276dP7K4Crj+p+iu/r+9uy27K7t9c91cqeNcBXS/qXbj7e7s7BTZSlOtaeeuAncV+nXu979W3erd8vap6aYBCDvVPb+anrprT7MAc9uv5O76uo7dPlpTKlM91cBGb6mj/VVru/M3V3buuAB+JqfLTPSu3ARG7PXTKtflwHZ3f6t/wBKzfpVfou4n13b+alBTZt/BX5vPAcOKbjvrXrXxwG1+VqUplrr9mAL6+0d3j6af1VwERv7ja7qHubfD7MBKOu1dexX1VwFpyvepb79n6ZtP0vbr2dc/wDveNcBWHdtFNa+nbrgJW/c7U2zd26Du7f6a/i8sAAVzpp0/qwDFp9T9RH2u73KjZ2vmr9mAvL7udtf1Du/Xens/wDDnXdTLXAXNv2+xa93u7ty7dle9vr6K/ipTTpgJe7Poe/+X2a7l7u6ld/XTLX5q4DkL/6ruP8AX7+5Qbd+u3pt8sA37c7v1cP0+3bvz/r3fhr5VwFxzNO630+/67d/qOz/AEUy206YCt47s1Tvdzsbm1ru7dRWlOvjgHuN7H6hyP0e39Fp+fup3fmy2bc6VwFn/oKzfUbtmw02bdmmXepnX49cBUW/b797u73/AE9Q7ttK9KUplrSuA6b2Z/0b+nt+o9ju9wbd3d+p79PRT8O3xwF8P+o+9B9Ht7HfNN27tdqhrvrlT4YDV99D9PJ3vpfqd/5u2niNmyueA5Sz3fqsP0/er9Qtdvz7anfWme34YDovcP1/0fJU/wDa1Fe3Xd3t2W6nlrgEuNp+mQ/U93uUbf8AU0+fad9PLbXAa9r976Tmfpe1Sq/Tb676dfmypT+OAvfav/QX6Pyn/wCSO7t3j6bZ392yn/Jp6fjXAPWX6J9LL/0X9V+gdwdr6rbt2+XWlda4DjF+q735X1X6pvn7eu2m7OnSmA66x+v7afU/5OwV+o/zN1M9tM8BCT6X6eXt9j6Lf+bvp8/lt9Vf9jgOdl2fR3Xd7X6Huft9v5q/h21/2pgODvf0vuf6Pd3Ou35ftwAOnXz8MBv82mfydN2n8cABq7vy6V6+GA3P29nrp/jgP//Z', 12323456, 2);
INSERT INTO `prodotti` (`id`, `nome`, `descrizione`, `prezzo`, `immagine`, `scorte`, `id_tipologia`) VALUES
(6, 'T3st', 'expensive', 1000000, 'data:image/png;base64,iVBORw0KGgoAAAANSUhEUgAAAgAAAAIACAYAAAD0eNT6AAAABHNCSVQICAgIfAhkiAAAAAlwSFlzAAAOxAAADsQBlSsOGwAAABl0RVh0U29mdHdhcmUAd3d3Lmlua3NjYXBlLm9yZ5vuPBoAAB51SURBVHic7d178GZ3XR/w914SyGV3QwIJIRdAGEkgXDogWkCpLeIAJoAFtVXpTDulWluDoI2dqQzWqtxvlaoztnWYUSvDLSSIVAQJBNAZC0JAigGSLJAbATYJIRd2t3+c32OW7e7+fs/znHM+5/J6zXwna1w9n+95vvk+3+d8z/ucBAAAAAAAAAAAAAAAAAAAAAAAAAAAAAAAAAAAAAAAAAAAAAAAAAAAAAAAAAAAAAAAAAAAAAAAAAAAAAAAAACWtm2Lf29HkicluSjJk5M8LMmeJPfpqK6puS3JTUmuTXJFkj9PcmWSg5VFAcDRnJDkkiQ3pvmy0tprn03yb5Mcv+VPAwB68Pwke1P/RTn19uk0V1cAoNS2JC9LciD1X45zaQeS/IctfDYA0IntSf5X6r8Q59p+c/OPCADa9xup/xKce/uZTT8lAGjR8+Oy/xDa3Um+Z5PPCgDWsogB3jfJ55KcU1gL9/rrJE9MsyADgNZt3/jnxfHlPySPT/Lj1UUAMF3b0jzk5ytJTi+uhe90RZKnVhcBwDRtT5NB9+U/PN+f5omLANC67UmeU10ER7QtyXOriwBgmhZXABimZ1QXAMA0bUvzkpoHVBfCEd2d5P5pXiYEAK3ZnuatfgzT8Un+SXURAEzP9s3/CsVsAwDQuu1J9lUXwTFZAADQuu1JPl9dBMd0TpJHVRcBwLRsT3JldRFsylUAAFq1Pcml1UWwKQsAAFrlUcDjIA4IQKt2pHkF7Y4kTyuuhaPbkeSvkny2uhAApmERA3xDkusqC2FTtgEAaM1iAXBnkpekuRrAMFkAANCaHYf8+TNJ7pPmLXQMz54kb01yc3UhAIzfjsP+5w8kOT9y50N1TZKPVBcBwPgdvgA4mORtG39+apqUAMOxI8mbq4sAYNqel2RvmkWBNox2V5Jdx/rQAGArDr8CcKjPJPmdJLcmeWySk3qpiGMRBwSgFcdaACTJt9M8Kvh1Sd6X5JY02wL3SfOq2s3+72nfrUkury4CAObouanbBtjbQ/8AgCPYlWY/vmoRIKUBwFq2b/5XOILbUvsWRQ8FAmAtFgCre0/hsS0AAKDIBanbArg7zZMBAYAC16ZuEfCcHvoHwETZAljPewuPbRsAAIqIAwLADIkDAjBKtgDWIw4IwChZAKxPHBAAZkgcEABmShwQgFGxBdAOcUAAmCFxQACYIXFAAEbFFkA7xAEBGBULgPaIAwLADIkDAsBMiQMCMAq2ANolDggAMyQOCAAzJA4IwCjYAmiXOCAAo2AB0D5xQACYIXFAAJgpcUAABs0WQDfEAQFghsQBAWCGxAEBGLRt1QVM2PuT/GB1EQBM2p1J9iW5OsnH0yTR/jzNj9Bj2tFtXbN2epIfqi4CgEnbmeTkJOcmeWKSn0zybzb+3cdzjIWAKwDduSDJp6qLAGC2bkzy80necqT/pQVAt65Lck51EQDM2puSXJxk/6H/0hZAt85L8vjqIgCYtScmeUSSd6S5UTyJBUDXjkvy49VFADB7FyTZnUOeU2MLoFu7knw1yfHVhQBAkucneWviSYBdq347IAAc6rfS/Di1BdADcUAAhuLkJHckucIWQPfEAQEYkhuTnGMB0A9xQACG5Jm2APpxfsQBARiOmywA+rEjyU9UFwEAGw7YAuiHOCAAQ3KDGGA/xAEBGJI9FgD9eU91AQCwYbsFQH8sAAAYipssAPpzVZK91UUAQJJrLQD69afVBQBAko9ZAPTrT6oLAIAkHxID7Jc4IADV7k5ymisA/RIHBKDaFUlutwDonzQAAJXekyQWAP2zAACg0nuSxD0ANa5Ncm51EQDMzt5sfP+4AlDjvdUFADBL7178wQKghm0AACr8/fePLYAa4oAA9O3uJKcluT1xBaCKOCAAfbsiG1/+iQVAJdsAAPTJ985AXJDkYFG7K802BAD92ZVm/q2a+8/vvots1bWpGwjP7qF/ANzrR1M35193eDG2AGpVxgGfUXhsgDmqnHffvflfoU/PTd1qcG8P/QPgXpVXfS/qoX8soXo/6FHddxGAJI9O3Vx/V5KTDy/IFkCt6jigbQCAflTOt98R/1uwAKhXGcuwAADoR+V8K/43UOKAANNWvd0r/jdg4oAA0zWo+N+CLYBhEAcEmC7xP45KHBBgusT/OKrq/SFxQIBuDC7+t2ALYBjEAQGmaXDxvwULgOEQBwSYHvE/NiUOCDAt1du74n8jIg4IMB2DjP8t2AIYFnFAgOkQ/2PLxAEBpkP8jy2r3i8SBwRox2Djfwu2AIZFHBBgGgYb/1uwABgecUCA8RP/Y2nigADjVr2dK/43YuKAAOM16Pjfgi2AYRIHBBgv8T9WJg4IMF7if6ysev9IHBBgNYOP/y3YAhgmcUCAcRp8/G/BAmC4xAEBxkf8j7WJAwKMS/X2rfjfhIgDAozHKOJ/C7YAhk0cEGA8xP9ojTggwHiI/9Ga6v0kcUCArRlN/G/BFsCwiQMCjMNo4n8LFgDDJw4IMHzif7ROHBBg2Kq3a8X/JkwcEGC4RhX/W7AFMA7igADDJf5HZ8QBAYZL/I/OVO8viQMCHNno4n8LtgDGQRwQYJhGF/9bsAAYD3FAgOER/6Nz4oAAw1K9PSv+NyPigADDMcr434ItgHERBwQYDvE/eiMOCDAc4n/0pnq/SRwQoDHa+N+CLYBxEQcEGIbRxv8WLADGRxwQoJ74H70TBwSotTvifxQRBwSoM+r434ItgHESBwSoI/5HGXFAgDrif5QRBwSoMfr434ItgHESBwSoMfr434IFwHiJAwL0T/yPcuKAAP0S/2MwxAEB+jOJ+N+CLYBxEwcE6I/4H4MhDgjQH/E/BkMcEKAfk4n/LdgCGDdxQIB+TCb+t2ABMH7igADdE/9jcMQBAbol/sdgiQMCdGdS8b8FWwDTIA4I0B3xPwarMg7Y2eoUYCDE/xgscUCAbkwu/rdgC2AaxAEBujG5+N+CBcB0iAMCtE/8j8ETBwRol/gfoyEOCNCeScb/FmwBTIs4IEB7xP8YDXFAgPaI/zEa4oAA7Zhs/G/BFsC0iAMCtGOy8b8FC4DpEQcEWJ/4H6MjDgiwHvE/RkscEGB1k47/LdgCmCZxQIDVif8xWuKAAKsT/2O0xAEBVjP5+N+CLYBpEgcEWM3k438LFgDTJQ4IsDzxP0ZPHBBgOeJ/TIY4IMDWzSL+t2ALYNrEAQG2TvyPyRAHBNg68T8mQxwQYGtmE/9bsAUwbeKAAFszm/jfggXA9IkDAmxO/I/JEQcEOLbdSe5O3Vwp/kdnxAEBjm5W8b8FWwDzIA4IcHTif0yWOCDA0Yn/MVnigABHNrv434ItgHkQBwQ4stnF/xYsAOZDHBDg/yf+x+SJAwJ8J/E/ZkMcEOBes4z/LdgCmBdxQIB7Vc5LlxcemxkSBwS4V+VV0Qt76B/8PXFAgMZs438LtgDmRRwQoDHb+N+CBcD8iAMCiP8xQ+KAwNyJ/zFb4oDAnM06/rdgC2CexAGBORP/Y7bEAYE5E/9jtsQBgbmaffxvwRbAPIkDAnM1+/jfggXAfIkDAnMk/sfsiQMCcyP+BxvEAYE5Ef87hC2AeRMHBOZE/A82iAMCcyL+BxvEAYG5EP87jC2AeRMHBOZC/O8wFgCIAwJzIP4HhxEHBKZO/A+OQhwQmDLxvyOwBUAiDghMm/gfHIU4IDBl4n9wFOKAwFSJ/x2FLQAScUBgusT/jsICgAVxQGCKxP9gE+KAwNSI/8EWiQMCUyL+dwy2ADiUOCAwJeJ/sEXigMCUiP/BFokDAlMh/rcJWwAcShwQmArxv01YAHA4cUBgCsT/YEnigMDYif/BisQBgTET/9sCWwAciTggMGbif7AicUBgzMT/YEXigMBYif9tkS0AjkQcEBirZxYeexTxvwULAI5GHBAYI/E/WJM4IDA24n/QEnFAYEzE/5ZgC4BjEQcExkT8D1oiDgiMifgftEQcEBgL8b8l2QLgWMQBgbEQ/1uSBQCbEQcExkD8D1omDggMnfgfdEQcEBgy8b8V2AJgK8QBgSET/4OOiAMCQyb+Bx0RBwSGSvxvRbYA2ApxQGCoxP9WZAHAVokDAkMk/gcdEwcEhkb8D3oiDggMifjfGmwBsAxxQGBIxP+gJ+KAwJCI/0FPxAGBoRD/W5MtAJYhDggMhfjfmiwAWJY4IDAE4n/QM3FAoJr4HxQRBwQqif+1wBYAqxAHBCqJ/0ERcUCgkvgfFBEHBKqI/7XEFgCrEAcEqoj/tcQCgFWJAwIVxP+gmDgg0DfxPxgIcUCgT+J/LbIFwDrEAYE+if/BQIgDAn0S/4OBEAcE+iL+1zJbAKxDHBDoi/hfyywAWJc4INAH8T8YGHFAoGvifzBQ4oBAl8T/OmALgDaIAwJdEv+DgRIHBLok/gcDJQ4IdEX8ryM7qwtgEhZxwB8sOv5VRccFpm2S8b8F9wDQFjEZYGomPa9ZANCWSf+HAszSpOe1bdUFMCnXJjm3ugiAFuzNxOczVwBoU2UcEKBNk4//WQDQpklfLgNmZfLzmS0A2rQryVeTHF9dCMAa7k5yWiacAEhcAaBd1W8HBGjDpON/CxYAtG3yl82AyZvFPGYBQNtm8R8OMGmzmMfcA0AXxAGBsZp8/G/BFQC6IA4IjNXk438LFgB0YRaXz4BJms38ZQuALjwkyReriwBY0l1J7p8ZJAASVwDoxr+uLgBgBR/KTL78EwsA2ndakn9fXQTACmZz+T+xAKB9L07zRECAsZnVAsA9ALTptDR7/xYAwNjMJv634AoAbfLrHxir2cT/FlwBoC1+/QNj9vQkf1ZdRJ9cAaAtfv0DY/WlJO+vLqJvFgC0wZ3/wJj9dpL91UX0zQKANvj1D4zVl5K8vrqICu4BYF32/oGxOpjknyZ5R3UhFVwBYF1+/QNj9YrM9Ms/cQWA9exJ8+rfPdWFACzpD5P8dJID1YVUcQWAdfxMfPkD4/PGzPzLP3EFgNUdn2bv/0HVhQBs0d4kP5fksupChmBndQGM1rPiyx8Yh71J3pTkvyW5rbiWwbAAYFX/sroAgCO4I8nNae5P+kiSD6R5yM+3K4uCqTgjyT1pIjRVbV+SU7vuKMBUuQmQVVyU+qtHb0zyteIaAGBWLo9f/wAwK/dN8q3ULgB+rfNeAgDf4Qfi1z/A6LkHgGU9pfj49v4BoMCl8esfYPRcAWBZFxQe269/AChwYpL9qfn1/800rx4GoAWuALCMh6VuzPxhkluKjg0wORYALKPy2f9vLjw2wORYALCMs4qOe1uSjxUdG2CSLABYxilFx/3rNO8eAKAlFgAs48Si436+6LgAk2UBwDJOKDru14uOCzBZFgAs40B1AQC0wwKAZdxVdFxP/wNomQUAy7ij6LgPLTouwGRZALCMqgfxPCHJcUXHBpgkCwCWcUPRcXcl+d6iYwNMkgUAy/hK4bFfUHhsAJi1E1L3MqDbkjyg+y4CAEfy+dQsAA4meUMP/QMAjuCdqVsA3JPkH3bfRYDpcw8Ay6p8Kc/OJH8QWwEA0Lt/lLorAIv2V0l2d9xPAOAQ903yzdQvAv4myTkd9xUAOMTlqV8AHEzzkqAXdtxXAGDDz6b+y//QdkWSpyfZ1mWnAabEhMkqTk/y5TQ35Q3J3iRvS/LRJJ9MclOaqwQHK4sCGCILAFb1J0meUV0EwGHuSbPw/0KSDye5NM2Pgv2VRQ2RBQCr+rEkf1xdBMAW3JTk1Un+a5I7i2sZDAsAVnVcki8mOau6EIAt2pvkRUneXl3IEOyoLoDROpDkxCT/uLoQgC3ak+bq5c4kf1FbSj1XAFjH/dJcBdhTXQjAkv4oyU+l+TEzS64AsI4701wFeGp1IQBLenSax+F/oLqQKq4AsK5TkvxdkvtXFwKwpINJnpeZ3hPgZUCs6xtJXlpdBMAKtiV5Y5ITqgupYAuANnw8ybOTPLC6EIAl7U7z3ICPVhfSN1sAtOXxaV4VPLSnAwJs5oY0keZZ3RDoCgBtuT7NZbTvry4EYEknJ/nfaZ4TMBsWALTpiiRPi9f0AuNzS5L3VRfRJzcB0qZ7kvxEkq9VFwKwpCdVF9A3CwDadl2SF8SLN4BxeVh1AX2zAKAL707ykuoiAJZwSnUBfbMAoCtvSPKa6iIAODILALr0S0l+u7oIgC34RnUBfbMAoEsHk/y7JL9TXQjAJq6uLqBvFgB07UCSn03yy9WFABzDldUF9M0CgL68IskLk9xdXQjAEbyruoC+eRQwfXtKkrcmOaO6EIAN1yc5OzN7FLArAPTtw0kekyYqCDAEr8rMvvwTjwKmxjeT/FGaJwb+QJLja8sBZuyaJP8iM3x4mSsAVDmY5j3cj0xyWXEtwDwdTPKiJHdVF1LBAoBq1yW5KMkPJfk/xbUA8/Kfk1xaXUQVWwAMxReS/F6Sv03zTO4za8sBJu4PklxcXUQlCwCG5GCSTyf53TQ3C+5JsxgwToG2HEzzy//ijT/PlhggQ3dGkp9M8vwkT4xtK2B116TZ85/tZf9DWQAwJg9M8qwkT03zPIGH1pYDjMT1SV6d5E2Z6Q1/R2IBwJidmeSCJI9K8ogkZ238uzOSnJwmXnhSWXVAhTvTvNjn6iQfSfLOJH+ZGeb8N2MBAN06Lsn5aRYo373xz4cn2ZVmcXLKxp+T5LY0E9c3N/58dZLPJvncRvvbJPf0WDvDdnyS83Lv2DovzT0zh4+tg0luj7HFYSwAoF07kjwuzRbFk5M8Pc3NjG24I80vmivT3CT5wZi05+TwsfXDSXa39P97Mbbel2Z8/WWMLYAteVSSlye5Ic0vrj7aLWkSE0/poX/UWYytG2NsAQzCriQvSRNd7GtiPlq7KsmLc+92AuO2O8kvZhhj61NpxtbJnfYYYAR2J7kkza+k6sn58LYvza/FUzvrPV0ytgAG6KQkv57mJqrqyXizdmuSX0tyYidngradlOQ3Mo6xtS/Ng3SMLWAWLkzyxdRPvsu2LyV5QQfng/ZcmOYBNdVjxdgCOMS5SS5P/WS7bntXknNaPjes58FJ3p36sWFsARzmwgxzL3bV9tU0T1KknrEFMEA7k7wsyf7UT6xttwNJ3pDmITL0bw5j67i2ThZAn05L8yCU6sm063ZFkvu1dM7YmtPSPGyn+rPvun0wxhYwMg9K8snUT6B9tU/H3m1fjC2AgTo/ybWpnzj7bl9O8ugWzh9Hd36S61L/WffdrknzfgKAwXpkkptTP2FWtZtjou7KI9PcIFf9GVe1m2JsAQN1VsaZwW677U0TeaQ9Z2eeV5WMLWDwTkvymdRPkENpn47HvLbF2PrOdlWMLWAgjss87vZftl0RMa51HZ953O2/bPtgmhgkQKnXpn5CHGp7xRrnleR1qf8Mh9pevsZ5BVjbs9I8tKR6MhxqO5DkopXP7rwZW8YWMFDnZlqPYO2q3ZzmJja27sFJvpb6z27o7eY0N98C9Oqy1E+AY2nvXPEcz9UUXhrVV3vHiucYYCXPTf3EN7Z24Upnen5+NPWf1djaj6x0pgGWdGKSL6Z+0htbuzbJSSuc7zkxtlZr18TYKrWjugDoycvi1+wq9iS5J8lfFNcxZL8aY2sVpyS5O008kALbqguAHpya5tfGruI6xurWJA9J8vXiOobI2FrPrWlunvxGdSFztL26AOjBxTFBr2N3kp+rLmKgXhRjax3GViFXAJi6XWn2sb2ffD23JHloktuqCxmQ3Wl+/Rtb67klzRWm24vrmB1XAJi6F8YE3YbTkvyr6iIGxthqh7EFdOJTqb/beSrtqiXP/dQZW+21Tyx57gGO6Qmpn9im1h671CcwXd+T+s9iau0xS30CrM0WAFP209UFHMH+NLGnFyf5viRnpHn73nEbf/6+JL+Y5EMbf3doXlBdwECMYWydHmMLmKEdSW5K/a+aRbsjyW8mecASfTg9ySuTfGsA9S/a9fHDYahj6/5L9GGIY+srMbaAFgzpEu1bst6Ldc5J8rYB9GPR/sEafZmCIY2tP856L9YZ2th63Bp9AUiS/HLqJ7MDaZ5A2EbcdluSS9Jcuq3u14tb6M+YGVvdtV9ooT/AzL03tRPZ/iQ/1kG//nnq3zd/eQf9GhNjq7t2WQf9Ambk+DQPFamcyP5jh/37leK+3ZpkZ4f9G7Kpj62XFvdtX+Y7toAWPCa1k9hb0u1TNrcleXtxHx/ZYf+GbA5j6x3FfTy/w/4BE/f81E1ed6S5saprZ28cq6qfz+m+i4M0h7H14NSmA57dfRdJRC6YpkcUHvv1Sfb2cJwvJXlTD8c5mspzXGkOY+vaGFvASL05Nb9cvp3lcv7remDq7tz+Hz30b4jmMrbOTN3Y+u899I+4AsA0fVfRca9McnOPx7shyUd7PN6hHlZ03GpzGVvXJ/lYj8c71FzHVu8sAJiiU4qO+46CY15acMykeRXuHBlb3Zvr2OqdBQBTtKvouB+ZyTGT+U7Sxlb35jq2emcBwBSdXHTcLxQc8/MFx0zqvgirGVvdm+vY6p0FAFNUNYHsKzjmNwqOmcx3kja2ujfXsdU7CwAAmCELAKbotqLjVtwgVnVTWtU5rmZsdW+uY6t3FgBM0e1Fx62IiD284JjJfCdpY6t7cx1bvbMAYIqqJpCnzOSYSfNCoDkytro317HVOwsApqjq5qWKZ5hfVHDMpOamtCEwtro317HVOwsApqgiMpUkT0pyeo/HOzPJ9/Z4vENVneNqcxlbD0ryxB6Pd6i5jq3eWQAwRf+36Lg7krykx+P9Uur+G/5s0XGrGVvdm+vYAlrwvNS8xORgmteontt9F/OQJHf23LdD21xf2Wpsdd+qth6ACXh06iavg0nelmRbh/3bluY57ZV9PL/D/g3ZHMbWu4r7eF6H/QMm7vg0ca3KSew/ddi/lxX3bV+SnR32b8iMLWMLGLg/Te1Etj/JP+ugXz+V5EBx3y7roF9jYmx1197VQb+AmbkktRPZwTST6cvTzs1U2zb6tH8A/fqFFvozZkMaW21sBwxpbL2ohf4AM/eE1E9mi/b2JA9eoy8PTf2+7KHtsWv0ZQqGNrbWuTFwaGPrMWv0BSBJE5u6MfUT2qJ9K8mrkjxwiT6cmeS1qb0j+/D25YgPG1vdja0ub3AEZuT1qZ/UDm/7k1yZJmf95CRnJLnvRntgmsevXpLkIxnGJdnD26uW+gSma6hj68MZ79h65VKfAMAxPD71k9rUmku0DWPL2AIG7pOpn9im0j6x5Lmfuk+l/jOZSvv4kueeFsx9L4/p+/3qAibkf1YXMDC/X13AhBhbBdxwwdSdlOSaJPcvrmPsbknziNjbi+sYkpOTfDHG1rqMrSKuADB130zyW9VFTMDrYoI+3O1J3lRdxAS8NsZWCVcAmIM9Sa7d+CfL25fmF9o3iusYolPTXGHaVVzHWBlbhVwBYA72JXljdREj9tqYoI/ma0neUF3EiL0mxhbQsROSfCH1dzuPrV2dJkfO0Z0YY8vYAgbt2amf9MbWnrXSmZ6f56T+sxpbM7aAXg3puedDb29f8RzP1WWp/8zG0t624jkGWNk5Sb6a+glw6O2mJGeteI7n6pw0kbbqz27o7aYkD1rxHAOs5Zmpf+/5kNuBJBeufHbnzdg6dtuf5IdXPrsALXhl6ifDobZfX+O80rwwqfozHGr7L2ucV4BWHJfkitRPiENrH0iyc43zSjO2PpT6z3Jo7f0xtoCB2JPmBTfVE+NQ2qeS3G+tM8qCsWVsAQP3oDTPc6+eIKvb3jQ3sdGes9I8JbD6s61u18XYAgbqvCQ3p36irGo3JXnE2meRIzk/8x5bNyb57rXPIkCHzkvzvoDqCbPvdk18+XfN2AIYuDMzr33bq5Kc3cqZYzNnJvmb1H/mxhbAUZyaeaQDPpDklJbOGVtzauaRDnh/jC1gpHYmeVmah5ZUT6ZttwNp3l53XFsni6UYWwAj8LQkN6R+Ym2r3ZzmSXXUm+LYekarZwig2NlJ3pn6CXbd9vZ4tv/QnJ3k0tSPjTbGlmf7A5P1IxnnO98/H69dHboxjy1XlIBZOCHN/u2+1E++m7WvJ3lpkvt2cSJo3YlJfjXjGVu/EmMLmKFdSS5Ocn3qJ+PD281pFikeuzpOYxhb7vAHZu/kJC9K8snUT86fSPPFcVKnPaYvQxtbPx9jC+CIHpvkNen3l9uXk7w6yWN66B91Hpfktel/bL0qxhbAUr4ryQuTvCXNfmlbk/LtSf4sySVJHp9ke18dYjCMLVqzrboAmLidaV6G8ohD/vnwNJd492y0kzf+7m1Jbk1zI9htSa5O8rmN9tkkf5fk2z3WzrAdOrYW4+vhae4j2J17x9biC97YAgAAAAAAAAAAAAAAAAAAAAAAAAAAAAAAAAAAAAAAAAAAAAAAAAAAAAAAAAAAAAAAAAAAAAAAAAAAAAAAAADW9f8ALUDze+ZcxAUAAAAASUVORK5CYII=', 0, 4),
(7, 'float', 'long price', 0.12453134253646, NULL, 2, 4),
(8, '1 scorta', '1', 1, NULL, 0, 4),
(9, '0 scorte', '0', 0, NULL, 0, 4),
(10, '2 scorte', '2', 2, NULL, 1, 4),
(11, '5 scorte', '5', 5, NULL, 0, 4),
(12, '10 scorte', '10', 10, NULL, 5, 4);

-- --------------------------------------------------------

--
-- Struttura della tabella `prodotti_quantita`
--

CREATE TABLE `prodotti_quantita` (
  `id` int(11) NOT NULL,
  `id_prodotto` int(11) NOT NULL,
  `quantita` int(11) NOT NULL
) ENGINE=InnoDB DEFAULT CHARSET=latin1;

--
-- Dump dei dati per la tabella `prodotti_quantita`
--

INSERT INTO `prodotti_quantita` (`id`, `id_prodotto`, `quantita`) VALUES
(1, 2, 1),
(2, 1, 1),
(3, 2, 1),
(4, 3, 1),
(5, 2, 5),
(6, 1, 4),
(7, 1, 6),
(8, 3, 1),
(9, 12, 1),
(10, 2, 30),
(11, 8, 1),
(12, 10, 1),
(13, 8, 1),
(14, 8, 1),
(15, 8, 1),
(16, 10, 1),
(17, 11, 5),
(18, 12, 5);

-- --------------------------------------------------------

--
-- Struttura della tabella `tipologie`
--

CREATE TABLE `tipologie` (
  `id` int(11) NOT NULL,
  `nome` varchar(50) NOT NULL
) ENGINE=InnoDB DEFAULT CHARSET=utf8mb4;

--
-- Dump dei dati per la tabella `tipologie`
--

INSERT INTO `tipologie` (`id`, `nome`) VALUES
(1, 'Miele e confetture'),
(2, 'Pasta'),
(4, 'Tipologia test');

-- --------------------------------------------------------

--
-- Struttura della tabella `utenti`
--

CREATE TABLE `utenti` (
  `id` int(11) NOT NULL,
  `nome` varchar(100) NOT NULL,
  `cognome` varchar(100) NOT NULL,
  `username` varchar(50) NOT NULL,
  `password` varchar(100) NOT NULL,
  `indirizzo` varchar(100) NOT NULL,
  `email` varchar(255) NOT NULL,
  `telefono` varchar(20) NOT NULL
) ENGINE=InnoDB DEFAULT CHARSET=utf8mb4;

--
-- Dump dei dati per la tabella `utenti`
--

INSERT INTO `utenti` (`id`, `nome`, `cognome`, `username`, `password`, `indirizzo`, `email`, `telefono`) VALUES
(1, 'Mario', 'Rossi', 'mrossi56', 'm', 'Via Rossa, 56, Roma, RM, 00042 ', 'mrossi56@gmail.com', '1'),
(2, 'Marco', 'Viola', 'marcoV65', 'Password321', 'Via Viola, 65, Milano, MI, 20100', 'marcoviola65@gmail.com', '6666666669'),
(3, 'testsona', 'no', 'p', 'p', 'no', 'no', '3'),
(4, 'asd', 'asd', 'asd', 'asd', 'asd', 'asd', '123');

--
-- Indici per le tabelle scaricate
--

--
-- Indici per le tabelle `admins`
--
ALTER TABLE `admins`
  ADD PRIMARY KEY (`id`);

--
-- Indici per le tabelle `ordini`
--
ALTER TABLE `ordini`
  ADD PRIMARY KEY (`id`),
  ADD KEY `utente` (`id_utente`);

--
-- Indici per le tabelle `ordini_prodotti_quantita`
--
ALTER TABLE `ordini_prodotti_quantita`
  ADD KEY `ordini_prodotti_quantita_ibfk_1` (`id_ordine`),
  ADD KEY `ordini_prodotti_quantita_ibfk_2` (`id_prodotto_quantita`);

--
-- Indici per le tabelle `prodotti`
--
ALTER TABLE `prodotti`
  ADD PRIMARY KEY (`id`),
  ADD KEY `tipologia` (`id_tipologia`);

--
-- Indici per le tabelle `prodotti_quantita`
--
ALTER TABLE `prodotti_quantita`
  ADD PRIMARY KEY (`id`),
  ADD KEY `prodotti_quantita_ibfk_1` (`id_prodotto`);

--
-- Indici per le tabelle `tipologie`
--
ALTER TABLE `tipologie`
  ADD PRIMARY KEY (`id`);

--
-- Indici per le tabelle `utenti`
--
ALTER TABLE `utenti`
  ADD PRIMARY KEY (`id`);

--
-- AUTO_INCREMENT per le tabelle scaricate
--

--
-- AUTO_INCREMENT per la tabella `admins`
--
ALTER TABLE `admins`
  MODIFY `id` int(11) NOT NULL AUTO_INCREMENT, AUTO_INCREMENT=2;
--
-- AUTO_INCREMENT per la tabella `ordini`
--
ALTER TABLE `ordini`
  MODIFY `id` int(11) NOT NULL AUTO_INCREMENT, AUTO_INCREMENT=23;
--
-- AUTO_INCREMENT per la tabella `prodotti`
--
ALTER TABLE `prodotti`
  MODIFY `id` int(11) NOT NULL AUTO_INCREMENT, AUTO_INCREMENT=13;
--
-- AUTO_INCREMENT per la tabella `prodotti_quantita`
--
ALTER TABLE `prodotti_quantita`
  MODIFY `id` int(11) NOT NULL AUTO_INCREMENT, AUTO_INCREMENT=19;
--
-- AUTO_INCREMENT per la tabella `tipologie`
--
ALTER TABLE `tipologie`
  MODIFY `id` int(11) NOT NULL AUTO_INCREMENT, AUTO_INCREMENT=5;
--
-- AUTO_INCREMENT per la tabella `utenti`
--
ALTER TABLE `utenti`
  MODIFY `id` int(11) NOT NULL AUTO_INCREMENT, AUTO_INCREMENT=5;
--
-- Limiti per le tabelle scaricate
--

--
-- Limiti per la tabella `ordini`
--
ALTER TABLE `ordini`
  ADD CONSTRAINT `utente` FOREIGN KEY (`id_utente`) REFERENCES `utenti` (`id`) ON DELETE CASCADE ON UPDATE CASCADE;

--
-- Limiti per la tabella `ordini_prodotti_quantita`
--
ALTER TABLE `ordini_prodotti_quantita`
  ADD CONSTRAINT `ordini_prodotti_quantita_ibfk_1` FOREIGN KEY (`id_ordine`) REFERENCES `ordini` (`id`) ON DELETE CASCADE ON UPDATE CASCADE,
  ADD CONSTRAINT `ordini_prodotti_quantita_ibfk_2` FOREIGN KEY (`id_prodotto_quantita`) REFERENCES `prodotti_quantita` (`id`) ON DELETE CASCADE ON UPDATE CASCADE;

--
-- Limiti per la tabella `prodotti`
--
ALTER TABLE `prodotti`
  ADD CONSTRAINT `tipologia` FOREIGN KEY (`id_tipologia`) REFERENCES `tipologie` (`id`) ON DELETE CASCADE ON UPDATE CASCADE;

--
-- Limiti per la tabella `prodotti_quantita`
--
ALTER TABLE `prodotti_quantita`
  ADD CONSTRAINT `prodotti_quantita_ibfk_1` FOREIGN KEY (`id_prodotto`) REFERENCES `prodotti` (`id`) ON DELETE CASCADE ON UPDATE CASCADE;

/*!40101 SET CHARACTER_SET_CLIENT=@OLD_CHARACTER_SET_CLIENT */;
/*!40101 SET CHARACTER_SET_RESULTS=@OLD_CHARACTER_SET_RESULTS */;
/*!40101 SET COLLATION_CONNECTION=@OLD_COLLATION_CONNECTION */;
